Workbook

Sheet Tổng quan
A1: Mạng ring CSG Nhà Bè — tổng quan
A2: Dữ liệu từ file ghi tay (BBNT, ODF, MX, độ dài cáp, KML). Công thức sống; sửa Tham số để tính lại.
A4: Chỉ số | B4: Giá trị
A5: Số ring | B5: =COUNTA(Ring!A5:A12)
A6: Số CSG ring | B6: =SUM(Ring!C5:C12)
A7: Số trạm nhánh cụt (cấp 3) | B7: =COUNTIF(Nút!D5:D36,"nhánh cụt*")
A8: Số đoạn cáp (gồm nhánh cụt) | B8: =COUNTA('Đoạn & quỹ suy hao'!$A$5:$A$42)
A9: Tổng km tính (đoạn ring) | B9: =SUMIF('Đoạn & quỹ suy hao'!$E$5:$E$42,"ring",'Đoạn & quỹ suy hao'!$K$5:$K$42)
A10: Đoạn dài nhất (km) | B10: =MAX('Đoạn & quỹ suy hao'!$K$5:$K$42)
A11: Dư suy hao thấp nhất (dB) | B11: =MIN('Đoạn & quỹ suy hao'!$P$5:$P$42)
A12: Số đoạn Đạt | B12: =COUNTIF('Đoạn & quỹ suy hao'!$R$5:$R$42,"Đạt")
A13: Số đoạn Cảnh báo | B13: =COUNTIF('Đoạn & quỹ suy hao'!$R$5:$R$42,"Cảnh báo")
A14: Số đoạn chưa đo | B14: =COUNTIF('Đoạn & quỹ suy hao'!$R$5:$R$42,"Chưa đo")
A15: Số măng xông trong danh bạ | B15: =COUNTA('Măng xông'!A5:A49)
A16: Số cổng ODF CSG ghi hướng | B16: =COUNTIFS('ODF chi tiết'!D:D,"<>")-1
A17: Cặp core hàn (suy từ nhãn MX) | B17: =COUNTA('Phối core MX'!A5:A180)
A18: Măng xông đã có nhãn core | B18: =SUMPRODUCT(1/COUNTIF('Phối core MX'!A5:A180,'Phối core MX'!A5:A180))
A19: Mục cần xác nhận | B19: =COUNTA('Dữ liệu cần xác nhận'!A4:A23)
A20: Cách đọc: sheet "Ring" tóm tắt 8 ring; "Đoạn & quỹ suy hao" là bảng trung tâm; "Sự cố đứt cáp" liệt kê hệ quả đứt từng đoạn.
A21: Quy ước: bảo vệ trong phạm vi từng ring AGG–AGG; các ring được phép chung cáp; nguy cơ cần tránh là một CSG không còn link nào về AGG.
A22: Suy hao tính theo từng đoạn giữa hai trạm liền kề (SFP thu/phát mỗi trạm), ngưỡng 12,1 / 17 / 27 dB theo chiều dài; lệch hai core ≤ 2 dB.
A23: Chưa có: bảng hàn từng khay của măng xông (chỉ có danh bạ), số core cụ thể của đối tác, chỉ số mét hai đầu cáp. Đã đánh dấu để bổ sung.

Sheet Hồ sơ cáp
A1: Hồ sơ cáp: mã cáp, core đang chạy / hư / trống — dùng khi đo kiểm và xử lý sự cố
A2: Core đang chạy theo đường đi người dùng mô tả; "nhãn chưa gán" = sơ đồ MX gán nhóm/trạm nhưng chưa mô tả link; "trống" = chưa dùng, chưa nhãn, không hư. Mã cáp lấy từ sổ độ dài (ô trống = sổ chưa ghi, cần bổ sung).
A4: Mã nội bộ | B4: Mã cáp (sổ) | C4: FO | D4: Từ | E4: Đến | F4: Dài (m) | G4: cs đầu | H4: cs cuối | I4: Dòng sổ | J4: Core đang chạy (link) | K4: Core hư | L4: Core có nhãn, chưa gán | M4: Trạm ghi trong nhãn | N4: Core trống | O4: Hệ quả khi đứt cáp
A5: C01 | B5: ADSS 9/2009 | C5: 24 | D5: VNPT Long Thới (ODF-02 NBE12) | E5: MX nhập đài Long Thới–NVT | F5: 150 | I5: 31 | J5: 3-4 (R1-01); 1-2 (R2-01) | K5: — | L5: — | M5: — | N5: 5-24 | O5: các link R1-01, R2-01 mất một hướng, ring vẫn bảo vệ
A6: C02 | B6: SACOM 8/2014 | C6: 12 | D6: MX nhập đài Long Thới–NVT | E6: MX_NVT_01 | F6: 680 | H6: 2677 | I6: 53 | J6: 3-4 (R1-01); 1-2 (R2-01) | K6: — | L6: — | M6: — | N6: 5-12 | O6: các link R1-01, R2-01 mất một hướng, ring vẫn bảo vệ
A7: C03 | B7: FOCAL 9/2020 | C7: 12 | D7: MX_NVT_01 | E7: HNB054 | F7: 150 | G7: 1 | H7: 176 | I7: 56 | J7: 1-2 (R2-01); 3-4 (R2-02) | K7: — | L7: — | M7: — | N7: 5-12 | O7: MẤT KẾT NỐI: HNB054
A8: C04 | B8: FOCAL 9/2020 | C8: 12 | D8: MX_NVT_01 | E8: MX_NVT_02A | F8: 1060 | G8: 5 | I8: 54 | J8: 3-4 (R1-01); 1-2 (R2-02) | K8: — | L8: 7-12 | M8: HNB066: 9-10; HNB005: 11-12 | N8: 5-6 | O8: các link R1-01, R2-02 mất một hướng, ring vẫn bảo vệ
A9: C05 | B9: (chưa ghi mã cáp trong sổ) | C9: 12 | D9: MX_NVT_02A | E9: HNB006 | F9: 220 | I9: 57 | J9: 1-2 (R2-02); 3-4 (R2-03) | K9: — | L9: — | M9: — | N9: 5-12 | O9: MẤT KẾT NỐI: HNB006
A10: C06 | B10: (chưa ghi mã cáp trong sổ) | C10: 12 | D10: MX_NVT_02A | E10: MX_NVT_03A | F10: 845 | I10: 55 | J10: 3-4 (R1-01); 2,5 (R2-03) | K10: 1 | L10: — | M10: — | N10: 6-12 | O10: các link R1-01, R2-03 mất một hướng, ring vẫn bảo vệ
A11: C07 | B11: FOCAL 2020 | C11: 6 | D11: MX_NVT_03A | E11: HNB091 | F11: 545 | H11: 741 | I11: 58 | J11: 1-2 (R2-03) | K11: — | L11: — | M11: — | N11: 3-6 | O11: các link R2-03 mất một hướng, ring vẫn bảo vệ
A12: C08 | B12: FOCAL 2020 | C12: 6 | D12: HNB091 | E12: MX_NVT_03B | F12: 550 | G12: 4460 | I12: 59 | J12: 1-2 (R2-04) | K12: — | L12: — | M12: — | N12: 3-6 | O12: các link R2-04 mất một hướng, ring vẫn bảo vệ
A13: C09 | B13: (chưa ghi mã cáp trong sổ) | C13: 12 | D13: MX_NVT_03B | E13: MX_NVT_02B | F13: 770 | I13: 64 | J13: 3-4 (R1-04); 1-2 (R2-04) | K13: — | L13: — | M13: — | N13: 5-12 | O13: các link R1-04, R2-04 mất một hướng, ring vẫn bảo vệ
A14: C10 | B14: TPKL | C14: 12 | D14: MX_NVT_02B | E14: MX_LVL-05 | F14: 6250 | I14: 65 | J14: 3-4 (R1-04); 1-2 (R2-04) | K14: — | L14: 5-12 | M14: HNB066: 9-10; HNB005: 11-12 | N14: — | O14: các link R1-04, R2-04 mất một hướng, ring vẫn bảo vệ
A15: C11 | B15: TPKL Postef 11/2016 | C15: 24 | D15: MX_LVL-05 | E15: MX_NB-01 | F15: 3236 | I15: 32 | J15: 21-22 (R1-04); 19-20 (R2-04) | K15: — | L15: 1-18,23-24 | M15: HNB012: 1-2; HNB011: 3-4; HNB055: 5-6; LACG43: 7-8 | N15: — | O15: các link R1-04, R2-04 mất một hướng, ring vẫn bảo vệ
A16: C12 | B16: (chưa ghi mã cáp trong sổ) | C16: 12 | D16: MX_NB-01 | E16: MX_NB-02 | F16: 1040 | I16: 22 | J16: 3-4 (R1-04); 1-2 (R2-04) | K16: — | L16: 5-12 | M16: HNB086: 7-8; TTC: 9-10 | N16: — | O16: các link R1-04, R2-04 mất một hướng, ring vẫn bảo vệ
A17: C13 | B17: (chưa ghi mã cáp trong sổ) | C17: 12 | D17: MX_NB-02 | E17: MX_NB-03 | F17: 1408 | I17: 21 | J17: 3-4 (R1-04); 1-2 (R2-04) | K17: — | L17: — | M17: — | N17: 5-12 | O17: các link R1-04, R2-04 mất một hướng, ring vẫn bảo vệ
A18: C14 | B18: (chưa ghi mã cáp trong sổ) | C18: 12 | D18: MX_NB-03 | E18: MX_NB-04 | F18: 1092 | I18: 20 | J18: 3-4 (R1-04); 1-2 (R2-04) | K18: — | L18: — | M18: — | N18: 5-12 | O18: các link R1-04, R2-04 mất một hướng, ring vẫn bảo vệ
A19: C15 | B19: (chưa ghi mã cáp trong sổ) | C19: 12 | D19: MX_NB-04 | E19: MX thẳng HTP | F19: 777 | I19: 19 | J19: 3-4 (R1-04); 1-2 (R2-04) | K19: — | L19: — | M19: — | N19: 5-12 | O19: các link R1-04, R2-04 mất một hướng, ring vẫn bảo vệ
A20: C16 | B20: (chưa ghi mã cáp trong sổ) | C20: 12 | D20: MX thẳng HTP | E20: MX_HTP-03B | F20: 640 | I20: 18 | J20: 3-4 (R1-04); 1-2 (R2-04) | K20: — | L20: — | M20: — | N20: 5-12 | O20: các link R1-04, R2-04 mất một hướng, ring vẫn bảo vệ
A21: C17 | B21: POSTEF | C21: 24 | D21: MX_HTP-03B | E21: ODF-02 NBE22 | F21: 260 | G21: 1550 | H21: 1288 | I21: 17 | J21: 3-4 (R1-04); 1-2 (R2-04) | K21: — | L21: — | M21: — | N21: 5-24 | O21: các link R1-04, R2-04 mất một hướng, ring vẫn bảo vệ
A22: C18 | B22: FOCAL 2020 | C22: 6 | D22: MX_NVT_03A | E22: HNB059 | F22: 1933 | H22: 4415 | I22: 60 | J22: 1-2 (R1-01) | K22: — | L22: — | M22: — | N22: 3-6 | O22: các link R1-01 mất một hướng, ring vẫn bảo vệ
A23: C19 | B23: FOCAL 2020 | C23: 6 | D23: HNB059 | E23: HNB060 | F23: 3086 | G23: 279 | H23: 1 | I23: 61 | J23: 1-2 (R1-02) | K23: — | L23: — | M23: — | N23: 3-6 | O23: các link R1-02 mất một hướng, ring vẫn bảo vệ
A24: C20 | B24: FOCAL 2020 | C24: 6 | D24: HNB060 | E24: HNB048 | F24: 4405 | G24: 1 | H24: 5 | I24: 62 | J24: 1-2 (R1-03) | K24: — | L24: — | M24: — | N24: 3-6 | O24: các link R1-03 mất một hướng, ring vẫn bảo vệ
A25: C21 | B25: FOCAL 2020 | C25: 6 | D25: HNB048 | E25: MX_NVT_03B | F25: 1680 | G25: 2445 | I25: 63 | J25: 1-2 (R1-04) | K25: — | L25: — | M25: — | N25: 3-6 | O25: các link R1-04 mất một hướng, ring vẫn bảo vệ

Sheet Tra cứu cáp
A1: Tra cứu cáp khi có sự cố
A2: Chọn mã nội bộ ở ô vàng (C01…) hoặc xem bảng Hồ sơ cáp.
A4: Mã nội bộ | B4: C04
A6: Mã cáp (sổ) | B6: =INDEX('Hồ sơ cáp'!B$5:B$25,MATCH($B$4,'Hồ sơ cáp'!$A$5:$A$25,0))&""
A7: Số FO | B7: =INDEX('Hồ sơ cáp'!C$5:C$25,MATCH($B$4,'Hồ sơ cáp'!$A$5:$A$25,0))&""
A8: Từ | B8: =INDEX('Hồ sơ cáp'!D$5:D$25,MATCH($B$4,'Hồ sơ cáp'!$A$5:$A$25,0))&""
A9: Đến | B9: =INDEX('Hồ sơ cáp'!E$5:E$25,MATCH($B$4,'Hồ sơ cáp'!$A$5:$A$25,0))&""
A10: Dài (m) | B10: =INDEX('Hồ sơ cáp'!F$5:F$25,MATCH($B$4,'Hồ sơ cáp'!$A$5:$A$25,0))&""
A11: Chỉ số mét đầu | B11: =INDEX('Hồ sơ cáp'!G$5:G$25,MATCH($B$4,'Hồ sơ cáp'!$A$5:$A$25,0))&""
A12: Chỉ số mét cuối | B12: =INDEX('Hồ sơ cáp'!H$5:H$25,MATCH($B$4,'Hồ sơ cáp'!$A$5:$A$25,0))&""
A13: Dòng sổ cáp | B13: =INDEX('Hồ sơ cáp'!I$5:I$25,MATCH($B$4,'Hồ sơ cáp'!$A$5:$A$25,0))&""
A14: Core đang chạy (link) | B14: =INDEX('Hồ sơ cáp'!J$5:J$25,MATCH($B$4,'Hồ sơ cáp'!$A$5:$A$25,0))&""
A15: Core hư | B15: =INDEX('Hồ sơ cáp'!K$5:K$25,MATCH($B$4,'Hồ sơ cáp'!$A$5:$A$25,0))&""
A16: Core có nhãn, chưa gán | B16: =INDEX('Hồ sơ cáp'!L$5:L$25,MATCH($B$4,'Hồ sơ cáp'!$A$5:$A$25,0))&""
A17: Trạm ghi trong nhãn | B17: =INDEX('Hồ sơ cáp'!M$5:M$25,MATCH($B$4,'Hồ sơ cáp'!$A$5:$A$25,0))&""
A18: Core trống | B18: =INDEX('Hồ sơ cáp'!N$5:N$25,MATCH($B$4,'Hồ sơ cáp'!$A$5:$A$25,0))&""
A19: Hệ quả khi đứt cáp | B19: =INDEX('Hồ sơ cáp'!O$5:O$25,MATCH($B$4,'Hồ sơ cáp'!$A$5:$A$25,0))&""

Sheet Cân đối cáp
A1: Cân đối tải giữa các cáp và kiểm tra quy tắc cáp vào trạm
A2: Quy tắc: cáp vào trạm từ MX trục gần trạm (<300 m) chấp nhận nếu ≥12FO; cáp dùng chung nhiều link được phép nhưng cần cân đối. "Số link" = số link đang mô tả chạy trên cáp = số link mất cùng lúc khi đứt cáp.
A4: Mã | B4: Mã cáp (sổ) | C4: FO | D4: Dài (m) | E4: Loại | F4: Số link | G4: Ring | H4: Core dùng | I4: Tỷ lệ core dùng | J4: Kiểm tra quy tắc | K4: Hệ quả khi đứt
A5: C01 | B5: ADSS 9/2009 | C5: 24 | D5: 150 | E5: cáp trục | F5: 2 | G5: R1+R2 | H5: 4 | I5: =H5/C5 | J5: — | K5: các link R1-01, R2-01 mất một hướng, ring vẫn bảo vệ
A6: C02 | B6: SACOM 8/2014 | C6: 12 | D6: 680 | E6: cáp trục | F6: 2 | G6: R1+R2 | H6: 4 | I6: =H6/C6 | J6: — | K6: các link R1-01, R2-01 mất một hướng, ring vẫn bảo vệ
A7: C03 | B7: FOCAL 9/2020 | C7: 12 | D7: 150 | E7: cáp vào trạm | F7: 2 | G7: R2 | H7: 4 | I7: =H7/C7 | J7: đạt (<300 m, ≥12FO) | K7: MẤT KẾT NỐI: HNB054
A8: C04 | B8: FOCAL 9/2020 | C8: 12 | D8: 1060 | E8: cáp trục | F8: 2 | G8: R1+R2 | H8: 4 | I8: =H8/C8 | J8: — | K8: các link R1-01, R2-02 mất một hướng, ring vẫn bảo vệ
A9: C05 | B9: (chưa ghi mã cáp trong sổ) | C9: 12 | D9: 220 | E9: cáp vào trạm | F9: 2 | G9: R2 | H9: 4 | I9: =H9/C9 | J9: đạt (<300 m, ≥12FO) | K9: MẤT KẾT NỐI: HNB006
A10: C06 | B10: (chưa ghi mã cáp trong sổ) | C10: 12 | D10: 845 | E10: cáp trục | F10: 2 | G10: R1+R2 | H10: 4 | I10: =H10/C10 | J10: — | K10: các link R1-01, R2-03 mất một hướng, ring vẫn bảo vệ
A11: C09 | B11: (chưa ghi mã cáp trong sổ) | C11: 12 | D11: 770 | E11: cáp trục | F11: 2 | G11: R1+R2 | H11: 4 | I11: =H11/C11 | J11: — | K11: các link R1-04, R2-04 mất một hướng, ring vẫn bảo vệ
A12: C10 | B12: TPKL | C12: 12 | D12: 6250 | E12: cáp trục | F12: 2 | G12: R1+R2 | H12: 4 | I12: =H12/C12 | J12: — | K12: các link R1-04, R2-04 mất một hướng, ring vẫn bảo vệ
A13: C11 | B13: TPKL Postef 11/2016 | C13: 24 | D13: 3236 | E13: cáp trục | F13: 2 | G13: R1+R2 | H13: 4 | I13: =H13/C13 | J13: — | K13: các link R1-04, R2-04 mất một hướng, ring vẫn bảo vệ
A14: C12 | B14: (chưa ghi mã cáp trong sổ) | C14: 12 | D14: 1040 | E14: cáp trục | F14: 2 | G14: R1+R2 | H14: 4 | I14: =H14/C14 | J14: — | K14: các link R1-04, R2-04 mất một hướng, ring vẫn bảo vệ
A15: C13 | B15: (chưa ghi mã cáp trong sổ) | C15: 12 | D15: 1408 | E15: cáp trục | F15: 2 | G15: R1+R2 | H15: 4 | I15: =H15/C15 | J15: — | K15: các link R1-04, R2-04 mất một hướng, ring vẫn bảo vệ
A16: C14 | B16: (chưa ghi mã cáp trong sổ) | C16: 12 | D16: 1092 | E16: cáp trục | F16: 2 | G16: R1+R2 | H16: 4 | I16: =H16/C16 | J16: — | K16: các link R1-04, R2-04 mất một hướng, ring vẫn bảo vệ
... A25: C21 | B25: FOCAL 2020 | C25: 6 | D25: 1680 | E25: cáp riêng tới trạm (>=300 m) | F25: 1 | G25: R1 | H25: 2 | I25: =H25/C25 | J25: — | K25: các link R1-04 mất một hướng, ring vẫn bảo vệ

Sheet Đường đi link
A1: Đường đi từng link ring qua ODF – cáp – măng xông (SFP 1310 nm, 2 core/link)
A2: Mô tả do người dùng cung cấp; độ dài cáp từ sổ độ dài; đối chiếu nhãn với sơ đồ MX. Link chưa hoàn chỉnh ghi rõ.
A4: Link | B4: Từ | C4: Đến | D4: Tổng cáp (m) | E4: OTDR tham chiếu (m) | F4: Lệch (m) | G4: Lệch % | H4: Kết luận | I4: Ghi chú
A5: R1-01 | B5: NBE12 | C5: HNB059 | D5: =SUMIFS($G$17:$G$2000,$A$17:$A$2000,A5,$C$17:$C$2000,"cáp") | E5: 4672 | F5: =D5-E5 | G5: =F5/E5 | H5: =IF(ABS(G5)<=0.02,"Khớp (≤2%)","Lệch >2%: kiểm tra") | I5: OTDR tham chiếu: ODF AGG ghi 4672 m
A6: R1-02 | B6: HNB059 | C6: HNB060 | D6: =SUMIFS($G$17:$G$2000,$A$17:$A$2000,A6,$C$17:$C$2000,"cáp") | E6: 3082 | F6: =D6-E6 | G6: =F6/E6 | H6: =IF(ABS(G6)<=0.02,"Khớp (≤2%)","Lệch >2%: kiểm tra") | I6: OTDR tham chiếu: BBNT (số thống nhất)
A7: R1-03 | B7: HNB060 | C7: HNB048 | D7: =SUMIFS($G$17:$G$2000,$A$17:$A$2000,A7,$C$17:$C$2000,"cáp") | E7: 4410 | F7: =D7-E7 | G7: =F7/E7 | H7: =IF(ABS(G7)<=0.02,"Khớp (≤2%)","Lệch >2%: kiểm tra") | I7: OTDR tham chiếu: BBNT (số thống nhất)
A8: R1-04 | B8: HNB048 | C8: NBE22 | D8: =SUMIFS($G$17:$G$2000,$A$17:$A$2000,A8,$C$17:$C$2000,"cáp") | E8: 17153 | F8: =D8-E8 | G8: =F8/E8 | H8: =IF(ABS(G8)<=0.02,"Khớp (≤2%)","Lệch >2%: kiểm tra") | I8: OTDR tham chiếu: ODF AGG ghi 17153 m
A9: R2-01 | B9: NBE12 | C9: HNB054 | D9: =SUMIFS($G$17:$G$2000,$A$17:$A$2000,A9,$C$17:$C$2000,"cáp") | E9: 982 | F9: =D9-E9 | G9: =F9/E9 | H9: =IF(ABS(G9)<=0.02,"Khớp (≤2%)","Lệch >2%: kiểm tra") | I9: OTDR tham chiếu: ODF AGG ghi 982/988 m
A10: R2-02 | B10: HNB054 | C10: HNB006 | D10: =SUMIFS($G$17:$G$2000,$A$17:$A$2000,A10,$C$17:$C$2000,"cáp") | E10: 1433 | F10: =D10-E10 | G10: =F10/E10 | H10: =IF(ABS(G10)<=0.02,"Khớp (≤2%)","Lệch >2%: kiểm tra") | I10: OTDR tham chiếu: BBNT (số thống nhất)
A11: R2-03 | B11: HNB006 | C11: HNB091 | D11: =SUMIFS($G$17:$G$2000,$A$17:$A$2000,A11,$C$17:$C$2000,"cáp") | E11: 1607 | F11: =D11-E11 | G11: =F11/E11 | H11: =IF(ABS(G11)<=0.02,"Khớp (≤2%)","Lệch >2%: kiểm tra") | I11: OTDR tham chiếu: BBNT (số thống nhất)
A12: R2-04 | B12: HNB091 | C12: NBE22 | D12: =SUMIFS($G$17:$G$2000,$A$17:$A$2000,A12,$C$17:$C$2000,"cáp") | E12: 16028 | F12: =D12-E12 | G12: =F12/E12 | H12: =IF(ABS(G12)<=0.02,"Khớp (≤2%)","Lệch >2%: kiểm tra") | I12: OTDR tham chiếu: ODF AGG ghi 16028 m
A15: Chi tiết từng bước
A16: Link | B16: Bước | C16: Loại | D16: Vị trí / cáp | E16: Từ → Đến | F16: Core | G16: Dài (m) | H16: Cộng dồn (m) | I16: Đối chiếu sơ đồ MX | J16: Ghi chú
A17: R1-01 | B17: 1 | C17: ODF | D17: NBE12: ODF-02 24FO hướng NVT | F17: 3+4 | J17: ODF AGG ghi cổng 3-4: HNB059 ring 1
A18: R1-01 | B18: 2 | C18: cáp | D18: ADSS 9/2009 | E18: VNPT Long Thới (ODF-02 NBE12) → MX nhập đài Long Thới–NVT | F18: 3+4 | G18: 150 | H18: =SUM(G17:G18) | J18: Sổ độ dài cáp (Tổng Hợp): 150 m
A19: R1-01 | B19: 3 | C19: măng xông | D19: MX nhập đài Long Thới–NVT | F19: 3+4 ↔ 3+4 | I19: chưa có sơ đồ — không xác định cáp trong sơ đồ MX
A20: R1-01 | B20: 4 | C20: cáp | D20: SACOM 8/2014 | E20: MX nhập đài Long Thới–NVT → MX_NVT_01 | F20: 3+4 | G20: 680 | H20: =SUM(G17:G20) | J20: Sổ độ dài cáp (Tổng Hợp): 680 m
A21: R1-01 | B21: 5 | C21: măng xông | D21: MX_NVT_01 | F21: 3+4 ↔ 3+4 | I21: chưa có nhãn — sơ đồ MX chưa ghi nhãn cho các core này | J21: đi thẳng trục, không rẽ vào HNB054
A22: R1-01 | B22: 6 | C22: cáp | D22: FOCAL 9/2020 trục (gồm 175 m ngầm) | E22: MX_NVT_01 → MX_NVT_02A | F22: 3+4 | G22: 1060 | H22: =SUM(G17:G22) | J22: Sổ độ dài cáp (Tổng Hợp): 1060 m
A23: R1-01 | B23: 7 | C23: măng xông | D23: MX_NVT_02A | F23: 3+4 ↔ 3+4 | I23: khớp sơ đồ — nhãn B | J23: nhãn B (sơ đồ) đi thẳng về NVT_03A
A24: R1-01 | B24: 8 | C24: cáp | D24: 12FO NVT_02A → NVT_03A | E24: MX_NVT_02A → MX_NVT_03A | F24: 3+4 | G24: 845 | H24: =SUM(G17:G24) | J24: Sổ độ dài cáp (Tổng Hợp): 845 m
A25: R1-01 | B25: 9 | C25: măng xông | D25: MX_NVT_03A | F25: 3+4 ↔ 1+2 | I25: chưa có sơ đồ — không xác định cáp trong sơ đồ MX | J25: rẽ vào 6FO đi HNB059 (quy ước 6FO riêng dùng 1,2)
A26: R1-01 | B26: 10 | C26: cáp | D26: FOCAL 2020 vào HNB059 (6FO) | E26: MX_NVT_03A → HNB059 | F26: 1+2 | G26: 1933 | H26: =SUM(G17:G26) | J26: Sổ độ dài cáp (Tổng Hợp): 1933 m
A27: R1-01 | B27: 11 | C27: ODF | D27: HNB059: ODF-HNB059 (hướng NBE12) | F27: 1+2
A28: R1-02 | B28: 1 | C28: ODF | D28: HNB059: ODF-HNB059 (hướng HNB060) | F28: 1+2
A29: R1-02 | B29: 2 | C29: cáp | D29: FOCAL 2020 HNB059 → HNB060 (6FO) | E29: HNB059 → HNB060 | F29: 1+2 | G29: 3086 | H29: =SUM(G28:G29) | J29: Sổ độ dài cáp (Tổng Hợp): 3086 m
A30: R1-02 | B30: 3 | C30: ODF | D30: HNB060: ODF-HNB060 (hướng HNB059) | F30: 1+2
A31: R1-03 | B31: 1 | C31: ODF | D31: HNB060: ODF-HNB060 (hướng HNB048) | F31: 1+2
A32: R1-03 | B32: 2 | C32: cáp | D32: FOCAL 2020 HNB060 → HNB048 (6FO) | E32: HNB060 → HNB048 | F32: 1+2 | G32: 4405 | H32: =SUM(G31:G32) | J32: Sổ độ dài cáp (Tổng Hợp): 4405 m
A33: R1-03 | B33: 3 | C33: ODF | D33: HNB048: ODF-HNB048 (hướng HNB060) | F33: 1+2
A34: R1-04 | B34: 1 | C34: ODF | D34: HNB048: ODF-HNB048 (hướng ra NBE22) | F34: 1+2
A35: R1-04 | B35: 2 | C35: cáp | D35: FOCAL 2020 HNB048 → MX_NVT_03B (6FO) | E35: HNB048 → MX_NVT_03B | F35: 1+2 | G35: 1680 | H35: =SUM(G34:G35) | J35: Sổ độ dài cáp (Tổng Hợp): 1680 m
A36: R1-04 | B36: 3 | C36: măng xông | D36: MX_NVT_03B | F36: 1+2 ↔ 3+4 | I36: chưa có sơ đồ — không xác định cáp trong sơ đồ MX | J36: 6FO 1,2 hàn vào trục 12FO core 3,4 (đoạn dùng chung)
A37: R1-04 | B37: 4 | C37: cáp | D37: 12FO NVT_03B → NVT_02B | E37: MX_NVT_03B → MX_NVT_02B | F37: 3+4 | G37: 770 | H37: =SUM(G34:G37) | J37: Sổ độ dài cáp (Tổng Hợp): 770 m
A38: R1-04 | B38: 5 | C38: măng xông | D38: MX_NVT_02B | F38: 3+4 ↔ 3+4 | I38: khớp sơ đồ — nhãn B | J38: nhãn B (sơ đồ)
A39: R1-04 | B39: 6 | C39: cáp | D39: TPKL 12FO trục NVT_02B → LVL-05 (qua MX thẳng nối dài) | E39: MX_NVT_02B → MX_LVL-05 | F39: 3+4 | G39: 6250 | H39: =SUM(G34:G39) | J39: Sổ độ dài cáp (Tổng Hợp): 6250 m (ghi chú sổ: 7020 = 785+1745+3715+770)
A40: R1-04 | B40: 7 | C40: măng xông | D40: MX_LVL-05 | F40: 3+4 ↔ 21+22 | I40: khớp sơ đồ — nhãn D | J40: nhãn D, trạm HNB048 (sơ đồ)
A41: R1-04 | B41: 8 | C41: cáp | D41: TPKL POSTEF 11/2016 | E41: MX_LVL-05 → MX_NB-01 | F41: 21+22 | G41: 3236 | H41: =SUM(G34:G41) | J41: Sổ độ dài cáp (Tổng Hợp): 3236 m
A42: R1-04 | B42: 9 | C42: măng xông | D42: MX_NB-01 | F42: 21+22 ↔ 3+4 | I42: khớp sơ đồ — nhãn B
A43: R1-04 | B43: 10 | C43: cáp | D43: 12FO NB-01 → NB-02 | E43: MX_NB-01 → MX_NB-02 | F43: 3+4 | G43: 1040 | H43: =SUM(G34:G43) | J43: Sổ độ dài cáp (Tổng Hợp): 1040 m (NB Phạm Thị Kỳ → nhập đài Long Thới-NB)
A44: R1-04 | B44: 11 | C44: măng xông | D44: MX_NB-02 | F44: 3+4 ↔ 3+4 | I44: chưa có sơ đồ — không xác định cáp trong sơ đồ MX
A45: R1-04 | B45: 12 | C45: cáp | D45: 12FO NB-02 → NB-03 | E45: MX_NB-02 → MX_NB-03 | F45: 3+4 | G45: 1408 | H45: =SUM(G34:G45) | J45: Sổ độ dài cáp (Tổng Hợp): 1408 m
A46: R1-04 | B46: 13 | C46: măng xông | D46: MX_NB-03 | F46: 3+4 ↔ 3+4 | I46: chưa có sơ đồ — không xác định cáp trong sơ đồ MX
A47: R1-04 | B47: 14 | C47: cáp | D47: 12FO NB-03 → NB-04 | E47: MX_NB-03 → MX_NB-04 | F47: 3+4 | G47: 1092 | H47: =SUM(G34:G47) | J47: Sổ độ dài cáp (Tổng Hợp): 1092 m
A48: R1-04 | B48: 15 | C48: măng xông | D48: MX_NB-04 | F48: 3+4 ↔ 3+4 | I48: chưa có sơ đồ — không xác định cáp trong sơ đồ MX
A49: R1-04 | B49: 16 | C49: cáp | D49: 12FO NB-04 → MX thẳng HTP | E49: MX_NB-04 → MX thẳng HTP | F49: 3+4 | G49: 777 | H49: =SUM(G34:G49) | J49: Sổ độ dài cáp (Tổng Hợp): 777 m (MX thẳng HTP: hết đoạn 600 m từ SG mới trên đường HTP; người dùng xác nhận)
A50: R1-04 | B50: 17 | C50: măng xông | D50: MX thẳng HTP | F50: 3+4 ↔ 3+4 | I50: chưa có sơ đồ — không xác định cáp trong sơ đồ MX | J50: MX thẳng nối dài
A51: R1-04 | B51: 18 | C51: cáp | D51: 12FO MX thẳng HTP → HTP-03B | E51: MX thẳng HTP → MX_HTP-03B | F51: 3+4 | G51: 640 | H51: =SUM(G34:G51) | J51: Sổ độ dài cáp (Tổng Hợp): 640 m
A52: R1-04 | B52: 19 | C52: măng xông | D52: MX_HTP-03B | F52: 3+4 ↔ 3+4 | I52: chưa có sơ đồ — không xác định cáp trong sơ đồ MX
A53: R1-04 | B53: 20 | C53: cáp | D53: POSTEF 24FO nhập đài (cs 1550→1288) | E53: MX_HTP-03B → ODF-02 NBE22 | F53: 3+4 | G53: 260 | H53: =SUM(G34:G53) | J53: Sổ độ dài cáp (Tổng Hợp): 260 m
A54: R1-04 | B54: 21 | C54: ODF | D54: NBE22: ODF-02 24FO NBE22 (cs 1288) | F54: 3+4 | J54: ODF AGG ghi cổng 3-4: HNB048 ring 1
A55: R2-01 | B55: 1 | C55: ODF | D55: NBE12: ODF-02 24FO hướng NVT | F55: 1+2 | J55: ODF AGG ghi cổng 1-2: HNB054 ring 2
A56: R2-01 | B56: 2 | C56: cáp | D56: ADSS 9/2009 | E56: VNPT Long Thới (ODF-02 NBE12) → MX nhập đài Long Thới–NVT | F56: 1+2 | G56: 150 | H56: =SUM(G55:G56) | J56: Sổ độ dài cáp (Tổng Hợp): 150 m
A57: R2-01 | B57: 3 | C57: măng xông | D57: MX nhập đài Long Thới–NVT | F57: 1+2 ↔ 1+2 | I57: chưa có sơ đồ — không xác định cáp trong sơ đồ MX | J57: MX thẳng, chưa có sơ đồ nhãn
A58: R2-01 | B58: 4 | C58: cáp | D58: SACOM 8/2014 | E58: MX nhập đài Long Thới–NVT → MX_NVT_01 | F58: 1+2 | G58: 680 | H58: =SUM(G55:G58) | J58: Sổ độ dài cáp (Tổng Hợp): 680 m
A59: R2-01 | B59: 5 | C59: măng xông | D59: MX_NVT_01 | F59: 1+2 ↔ 1+2 | I59: chưa có nhãn — sơ đồ MX chưa ghi nhãn cho các core này
A60: R2-01 | B60: 6 | C60: cáp | D60: FOCAL 9/2020 (vào HNB054) | E60: MX_NVT_01 → HNB054 | F60: 1+2 | G60: 150 | H60: =SUM(G55:G60) | J60: Sổ độ dài cáp (Tổng Hợp): 150 m
A61: R2-01 | B61: 7 | C61: ODF | D61: HNB054: ODF-HNB054 (hướng NBE12) | F61: 1+2
A62: R2-02 | B62: 1 | C62: ODF | D62: HNB054: ODF-HNB054 (hướng ra) | F62: 3+4
A63: R2-02 | B63: 2 | C63: cáp | D63: FOCAL 9/2020 (vào HNB054) | E63: MX_NVT_01 → HNB054 | F63: 3+4 | G63: 150 | H63: =SUM(G62:G63) | J63: Sổ độ dài cáp (Tổng Hợp): 150 m
A64: R2-02 | B64: 3 | C64: măng xông | D64: MX_NVT_01 | F64: 3+4 ↔ 1+2 | I64: chưa có nhãn — sơ đồ MX chưa ghi nhãn cho các core này
A65: R2-02 | B65: 4 | C65: cáp | D65: FOCAL 9/2020 trục (gồm 175 m ngầm) | E65: MX_NVT_01 → MX_NVT_02A | F65: 1+2 | G65: 1060 | H65: =SUM(G62:G65) | J65: Sổ độ dài cáp (Tổng Hợp): 1060 m
A66: R2-02 | B66: 5 | C66: măng xông | D66: MX_NVT_02A | F66: 1+2 ↔ 1+2 | I66: khớp sơ đồ — nhãn A | J66: hàn 1,2 vào 1,2 đi vào HNB006
A67: R2-02 | B67: 6 | C67: cáp | D67: 12FO vào HNB006 | E67: MX_NVT_02A → HNB006 | F67: 1+2 | G67: 220 | H67: =SUM(G62:G67) | J67: Sổ độ dài cáp (Tổng Hợp): 220 m
A68: R2-02 | B68: 7 | C68: ODF | D68: HNB006: ODF-HNB006 (hướng HNB054) | F68: 1+2
A69: R2-03 | B69: 1 | C69: ODF | D69: HNB006: ODF-HNB006 (hướng ra) | F69: 3+4
A70: R2-03 | B70: 2 | C70: cáp | D70: 12FO vào HNB006 | E70: MX_NVT_02A → HNB006 | F70: 3+4 | G70: 220 | H70: =SUM(G69:G70) | J70: Sổ độ dài cáp (Tổng Hợp): 220 m
A71: R2-03 | B71: 3 | C71: măng xông | D71: MX_NVT_02A | F71: 3+4 ↔ 5+2 | I71: khớp sơ đồ (thay core hư) — thiết kế 3↔1+4↔2; thực tế 3↔5+4↔2 | J71: thiết kế ban đầu 3↔1, 4↔2; core 1 hư nên 3 phối với 5 (phát sinh thực tế)
A72: R2-03 | B72: 4 | C72: cáp | D72: 12FO NVT_02A → NVT_03A | E72: MX_NVT_02A → MX_NVT_03A | F72: 5+2 | G72: 845 | H72: =SUM(G69:G72) | J72: Sổ độ dài cáp (Tổng Hợp): 845 m
A73: R2-03 | B73: 5 | C73: măng xông | D73: MX_NVT_03A | F73: 5+2 ↔ 1+2 | I73: chưa có sơ đồ — không xác định cáp trong sơ đồ MX | J73: hàn 5,2 vào 1,2 sợi 6FO vào HNB091
A74: R2-03 | B74: 6 | C74: cáp | D74: FOCAL 2020 vào HNB091 (6FO #1) | E74: MX_NVT_03A → HNB091 | F74: 1+2 | G74: 545 | H74: =SUM(G69:G74) | J74: Sổ độ dài cáp (Tổng Hợp): 545 m
A75: R2-03 | B75: 7 | C75: ODF | D75: HNB091: ODF-HNB091 (hướng HNB006) | F75: 1+2
A76: R2-04 | B76: 1 | C76: ODF | D76: HNB091: ODF-HNB091 (hướng ra) | F76: 1+2
A77: R2-04 | B77: 2 | C77: cáp | D77: FOCAL 2020 ra HNB091 (6FO #2) | E77: HNB091 → MX_NVT_03B | F77: 1+2 | G77: 550 | H77: =SUM(G76:G77) | J77: Sổ độ dài cáp (Tổng Hợp): 550 m
A78: R2-04 | B78: 3 | C78: măng xông | D78: MX_NVT_03B | F78: 1+2 ↔ 1+2 | I78: chưa có sơ đồ — không xác định cáp trong sơ đồ MX | J78: hàn 1,2 vào 1,2 sợi 12FO về NVT_02B
A79: R2-04 | B79: 4 | C79: cáp | D79: 12FO NVT_03B → NVT_02B | E79: MX_NVT_03B → MX_NVT_02B | F79: 1+2 | G79: 770 | H79: =SUM(G76:G79) | J79: Sổ độ dài cáp (Tổng Hợp): 770 m
A80: R2-04 | B80: 5 | C80: măng xông | D80: MX_NVT_02B | F80: 1+2 ↔ 1+2 | I80: khớp sơ đồ — nhãn A
A81: R2-04 | B81: 6 | C81: cáp | D81: TPKL 12FO trục NVT_02B → LVL-05 (qua MX thẳng nối dài) | E81: MX_NVT_02B → MX_LVL-05 | F81: 1+2 | G81: 6250 | H81: =SUM(G76:G81) | J81: Sổ độ dài cáp (Tổng Hợp): 6250 m (ghi chú sổ: 7020 = 785+1745+3715+770)
A82: R2-04 | B82: 7 | C82: măng xông | D82: MX_LVL-05 | F82: 1+2 ↔ 19+20 | I82: khớp sơ đồ — nhãn D | J82: hàn 1,2 vào 19,20 sợi 24FO TPKL POSTEF 11/2016
A83: R2-04 | B83: 8 | C83: cáp | D83: TPKL POSTEF 11/2016 | E83: MX_LVL-05 → MX_NB-01 | F83: 19+20 | G83: 3236 | H83: =SUM(G76:G83) | J83: Sổ độ dài cáp (Tổng Hợp): 3236 m
A84: R2-04 | B84: 9 | C84: măng xông | D84: MX_NB-01 | F84: 19+20 ↔ 1+2 | I84: khớp sơ đồ — nhãn B
A85: R2-04 | B85: 10 | C85: cáp | D85: 12FO NB-01 → NB-02 | E85: MX_NB-01 → MX_NB-02 | F85: 1+2 | G85: 1040 | H85: =SUM(G76:G85) | J85: Sổ độ dài cáp (Tổng Hợp): 1040 m (NB Phạm Thị Kỳ → nhập đài Long Thới-NB)
A86: R2-04 | B86: 11 | C86: măng xông | D86: MX_NB-02 | F86: 1+2 ↔ 1+2 | I86: chưa có sơ đồ — không xác định cáp trong sơ đồ MX
A87: R2-04 | B87: 12 | C87: cáp | D87: 12FO NB-02 → NB-03 | E87: MX_NB-02 → MX_NB-03 | F87: 1+2 | G87: 1408 | H87: =SUM(G76:G87) | J87: Sổ độ dài cáp (Tổng Hợp): 1408 m
A88: R2-04 | B88: 13 | C88: măng xông | D88: MX_NB-03 | F88: 1+2 ↔ 1+2 | I88: chưa có sơ đồ — không xác định cáp trong sơ đồ MX
A89: R2-04 | B89: 14 | C89: cáp | D89: 12FO NB-03 → NB-04 | E89: MX_NB-03 → MX_NB-04 | F89: 1+2 | G89: 1092 | H89: =SUM(G76:G89) | J89: Sổ độ dài cáp (Tổng Hợp): 1092 m
A90: R2-04 | B90: 15 | C90: măng xông | D90: MX_NB-04 | F90: 1+2 ↔ 1+2 | I90: chưa có sơ đồ — không xác định cáp trong sơ đồ MX
A91: R2-04 | B91: 16 | C91: cáp | D91: 12FO NB-04 → MX thẳng HTP | E91: MX_NB-04 → MX thẳng HTP | F91: 1+2 | G91: 777 | H91: =SUM(G76:G91) | J91: Sổ độ dài cáp (Tổng Hợp): 777 m (MX thẳng HTP: hết đoạn 600 m từ SG mới trên đường HTP; người dùng xác nhận)
A92: R2-04 | B92: 17 | C92: măng xông | D92: MX thẳng HTP | F92: 1+2 ↔ 1+2 | I92: chưa có sơ đồ — không xác định cáp trong sơ đồ MX | J92: MX thẳng nối dài (xác nhận: hết đoạn 600 m từ SG mới trên đường HTP, 10.680424, 106.748376)
A93: R2-04 | B93: 18 | C93: cáp | D93: 12FO MX thẳng HTP → HTP-03B | E93: MX thẳng HTP → MX_HTP-03B | F93: 1+2 | G93: 640 | H93: =SUM(G76:G93) | J93: Sổ độ dài cáp (Tổng Hợp): 640 m
A94: R2-04 | B94: 19 | C94: măng xông | D94: MX_HTP-03B | F94: 1+2 ↔ 1+2 | I94: chưa có sơ đồ — không xác định cáp trong sơ đồ MX | J94: hàn 1,2 vào sợi nhập đài POSTEF 24FO (chỉ số 1550→1288)
A95: R2-04 | B95: 20 | C95: cáp | D95: POSTEF 24FO nhập đài (cs 1550→1288) | E95: MX_HTP-03B → ODF-02 NBE22 | F95: 1+2 | G95: 260 | H95: =SUM(G76:G95) | J95: Sổ độ dài cáp (Tổng Hợp): 260 m
A96: R2-04 | B96: 21 | C96: ODF | D96: NBE22: ODF-02 24FO NBE22 (cs 1288) | F96: 1+2 | J96: ODF AGG ghi cổng 1-2: HNB091 ring 2

Sheet Phối core từ đường đi
A1: Bảng phối core dựng lại từ đường đi người dùng mô tả
A2: Mỗi dòng = một core hàn tại một măng xông, theo từng link. Cột đối chiếu so với nhãn trong sơ đồ MX gốc (nếu có). Hoàn thiện dần khi có thêm đường đi.
A4: Măng xông | B4: Link | C4: Cáp A | D4: Core A | E4: ↔ | F4: Cáp B | G4: Core B | H4: Đối chiếu sơ đồ MX | I4: Ghi chú
A5: MX nhập đài Long Thới–NVT | B5: R1-01 | C5: C01 ADSS 9/2009 24FO | D5: 3 | E5: ↔ | F5: C02 SACOM 8/2014 12FO | G5: 3 | H5: chưa có sơ đồ
A6: MX nhập đài Long Thới–NVT | B6: R1-01 | C6: C01 ADSS 9/2009 24FO | D6: 4 | E6: ↔ | F6: C02 SACOM 8/2014 12FO | G6: 4 | H6: chưa có sơ đồ
A7: MX_NVT_01 | B7: R1-01 | C7: C02 SACOM 8/2014 12FO | D7: 3 | E7: ↔ | F7: C04 FOCAL 9/2020 trục (gồm 175 m ngầm) 12FO | G7: 3 | H7: chưa có nhãn | I7: đi thẳng trục, không rẽ vào HNB054
A8: MX_NVT_01 | B8: R1-01 | C8: C02 SACOM 8/2014 12FO | D8: 4 | E8: ↔ | F8: C04 FOCAL 9/2020 trục (gồm 175 m ngầm) 12FO | G8: 4 | H8: chưa có nhãn | I8: đi thẳng trục, không rẽ vào HNB054
A9: MX_NVT_02A | B9: R1-01 | C9: C04 FOCAL 9/2020 trục (gồm 175 m ngầm) 12FO | D9: 3 | E9: ↔ | F9: C06 12FO NVT_02A → NVT_03A 12FO | G9: 3 | H9: khớp sơ đồ | I9: nhãn B (sơ đồ) đi thẳng về NVT_03A
A10: MX_NVT_02A | B10: R1-01 | C10: C04 FOCAL 9/2020 trục (gồm 175 m ngầm) 12FO | D10: 4 | E10: ↔ | F10: C06 12FO NVT_02A → NVT_03A 12FO | G10: 4 | H10: khớp sơ đồ | I10: nhãn B (sơ đồ) đi thẳng về NVT_03A
A11: MX_NVT_03A | B11: R1-01 | C11: C06 12FO NVT_02A → NVT_03A 12FO | D11: 3 | E11: ↔ | F11: C18 FOCAL 2020 vào HNB059 (6FO) 6FO | G11: 1 | H11: chưa có sơ đồ | I11: rẽ vào 6FO đi HNB059 (quy ước 6FO riêng dùng 1,2)
A12: MX_NVT_03A | B12: R1-01 | C12: C06 12FO NVT_02A → NVT_03A 12FO | D12: 4 | E12: ↔ | F12: C18 FOCAL 2020 vào HNB059 (6FO) 6FO | G12: 2 | H12: chưa có sơ đồ | I12: rẽ vào 6FO đi HNB059 (quy ước 6FO riêng dùng 1,2)
A13: MX_NVT_03B | B13: R1-04 | C13: C21 FOCAL 2020 HNB048 → MX_NVT_03B (6FO) 6FO | D13: 1 | E13: ↔ | F13: C09 12FO NVT_03B → NVT_02B 12FO | G13: 3 | H13: chưa có sơ đồ | I13: 6FO 1,2 hàn vào trục 12FO core 3,4 (đoạn dùng chung)
A14: MX_NVT_03B | B14: R1-04 | C14: C21 FOCAL 2020 HNB048 → MX_NVT_03B (6FO) 6FO | D14: 2 | E14: ↔ | F14: C09 12FO NVT_03B → NVT_02B 12FO | G14: 4 | H14: chưa có sơ đồ | I14: 6FO 1,2 hàn vào trục 12FO core 3,4 (đoạn dùng chung)
A15: MX_NVT_02B | B15: R1-04 | C15: C09 12FO NVT_03B → NVT_02B 12FO | D15: 3 | E15: ↔ | F15: C10 TPKL 12FO trục NVT_02B → LVL-05 (qua MX thẳng nối dài) 12FO | G15: 3 | H15: khớp sơ đồ | I15: nhãn B (sơ đồ)
A16: MX_NVT_02B | B16: R1-04 | C16: C09 12FO NVT_03B → NVT_02B 12FO | D16: 4 | E16: ↔ | F16: C10 TPKL 12FO trục NVT_02B → LVL-05 (qua MX thẳng nối dài) 12FO | G16: 4 | H16: khớp sơ đồ | I16: nhãn B (sơ đồ)
A17: MX_LVL-05 | B17: R1-04 | C17: C10 TPKL 12FO trục NVT_02B → LVL-05 (qua MX thẳng nối dài) 12FO | D17: 3 | E17: ↔ | F17: C11 TPKL POSTEF 11/2016 24FO | G17: 21 | H17: khớp sơ đồ | I17: nhãn D, trạm HNB048 (sơ đồ)
A18: MX_LVL-05 | B18: R1-04 | C18: C10 TPKL 12FO trục NVT_02B → LVL-05 (qua MX thẳng nối dài) 12FO | D18: 4 | E18: ↔ | F18: C11 TPKL POSTEF 11/2016 24FO | G18: 22 | H18: khớp sơ đồ | I18: nhãn D, trạm HNB048 (sơ đồ)
A19: MX_NB-01 | B19: R1-04 | C19: C11 TPKL POSTEF 11/2016 24FO | D19: 21 | E19: ↔ | F19: C12 12FO NB-01 → NB-02 12FO | G19: 3 | H19: khớp sơ đồ
A20: MX_NB-01 | B20: R1-04 | C20: C11 TPKL POSTEF 11/2016 24FO | D20: 22 | E20: ↔ | F20: C12 12FO NB-01 → NB-02 12FO | G20: 4 | H20: khớp sơ đồ
A21: MX_NB-02 | B21: R1-04 | C21: C12 12FO NB-01 → NB-02 12FO | D21: 3 | E21: ↔ | F21: C13 12FO NB-02 → NB-03 12FO | G21: 3 | H21: chưa có sơ đồ
A22: MX_NB-02 | B22: R1-04 | C22: C12 12FO NB-01 → NB-02 12FO | D22: 4 | E22: ↔ | F22: C13 12FO NB-02 → NB-03 12FO | G22: 4 | H22: chưa có sơ đồ
A23: MX_NB-03 | B23: R1-04 | C23: C13 12FO NB-02 → NB-03 12FO | D23: 3 | E23: ↔ | F23: C14 12FO NB-03 → NB-04 12FO | G23: 3 | H23: chưa có sơ đồ
A24: MX_NB-03 | B24: R1-04 | C24: C13 12FO NB-02 → NB-03 12FO | D24: 4 | E24: ↔ | F24: C14 12FO NB-03 → NB-04 12FO | G24: 4 | H24: chưa có sơ đồ
A25: MX_NB-04 | B25: R1-04 | C25: C14 12FO NB-03 → NB-04 12FO | D25: 3 | E25: ↔ | F25: C15 12FO NB-04 → MX thẳng HTP 12FO | G25: 3 | H25: chưa có sơ đồ
A26: MX_NB-04 | B26: R1-04 | C26: C14 12FO NB-03 → NB-04 12FO | D26: 4 | E26: ↔ | F26: C15 12FO NB-04 → MX thẳng HTP 12FO | G26: 4 | H26: chưa có sơ đồ
A27: MX thẳng HTP | B27: R1-04 | C27: C15 12FO NB-04 → MX thẳng HTP 12FO | D27: 3 | E27: ↔ | F27: C16 12FO MX thẳng HTP → HTP-03B 12FO | G27: 3 | H27: chưa có sơ đồ | I27: MX thẳng nối dài
A28: MX thẳng HTP | B28: R1-04 | C28: C15 12FO NB-04 → MX thẳng HTP 12FO | D28: 4 | E28: ↔ | F28: C16 12FO MX thẳng HTP → HTP-03B 12FO | G28: 4 | H28: chưa có sơ đồ | I28: MX thẳng nối dài
A29: MX_HTP-03B | B29: R1-04 | C29: C16 12FO MX thẳng HTP → HTP-03B 12FO | D29: 3 | E29: ↔ | F29: C17 POSTEF 24FO nhập đài (cs 1550→1288) 24FO | G29: 3 | H29: chưa có sơ đồ
A30: MX_HTP-03B | B30: R1-04 | C30: C16 12FO MX thẳng HTP → HTP-03B 12FO | D30: 4 | E30: ↔ | F30: C17 POSTEF 24FO nhập đài (cs 1550→1288) 24FO | G30: 4 | H30: chưa có sơ đồ
A31: MX nhập đài Long Thới–NVT | B31: R2-01 | C31: C01 ADSS 9/2009 24FO | D31: 1 | E31: ↔ | F31: C02 SACOM 8/2014 12FO | G31: 1 | H31: chưa có sơ đồ | I31: MX thẳng, chưa có sơ đồ nhãn
A32: MX nhập đài Long Thới–NVT | B32: R2-01 | C32: C01 ADSS 9/2009 24FO | D32: 2 | E32: ↔ | F32: C02 SACOM 8/2014 12FO | G32: 2 | H32: chưa có sơ đồ | I32: MX thẳng, chưa có sơ đồ nhãn
A33: MX_NVT_01 | B33: R2-01 | C33: C02 SACOM 8/2014 12FO | D33: 1 | E33: ↔ | F33: C03 FOCAL 9/2020 (vào HNB054) 12FO | G33: 1 | H33: chưa có nhãn
A34: MX_NVT_01 | B34: R2-01 | C34: C02 SACOM 8/2014 12FO | D34: 2 | E34: ↔ | F34: C03 FOCAL 9/2020 (vào HNB054) 12FO | G34: 2 | H34: chưa có nhãn
A35: MX_NVT_01 | B35: R2-02 | C35: C03 FOCAL 9/2020 (vào HNB054) 12FO | D35: 3 | E35: ↔ | F35: C04 FOCAL 9/2020 trục (gồm 175 m ngầm) 12FO | G35: 1 | H35: chưa có nhãn
A36: MX_NVT_01 | B36: R2-02 | C36: C03 FOCAL 9/2020 (vào HNB054) 12FO | D36: 4 | E36: ↔ | F36: C04 FOCAL 9/2020 trục (gồm 175 m ngầm) 12FO | G36: 2 | H36: chưa có nhãn
A37: MX_NVT_02A | B37: R2-02 | C37: C04 FOCAL 9/2020 trục (gồm 175 m ngầm) 12FO | D37: 1 | E37: ↔ | F37: C05 12FO vào HNB006 12FO | G37: 1 | H37: khớp sơ đồ | I37: hàn 1,2 vào 1,2 đi vào HNB006
A38: MX_NVT_02A | B38: R2-02 | C38: C04 FOCAL 9/2020 trục (gồm 175 m ngầm) 12FO | D38: 2 | E38: ↔ | F38: C05 12FO vào HNB006 12FO | G38: 2 | H38: khớp sơ đồ | I38: hàn 1,2 vào 1,2 đi vào HNB006
A39: MX_NVT_02A | B39: R2-03 | C39: C05 12FO vào HNB006 12FO | D39: 3 | E39: ↔ | F39: C06 12FO NVT_02A → NVT_03A 12FO | G39: 5 | H39: khớp sơ đồ (thay core hư) | I39: thiết kế ban đầu 3↔1, 4↔2; core 1 hư nên 3 phối với 5 (phát sinh thực tế)
A40: MX_NVT_02A | B40: R2-03 | C40: C05 12FO vào HNB006 12FO | D40: 4 | E40: ↔ | F40: C06 12FO NVT_02A → NVT_03A 12FO | G40: 2 | H40: khớp sơ đồ (thay core hư) | I40: thiết kế ban đầu 3↔1, 4↔2; core 1 hư nên 3 phối với 5 (phát sinh thực tế)
A41: MX_NVT_03A | B41: R2-03 | C41: C06 12FO NVT_02A → NVT_03A 12FO | D41: 5 | E41: ↔ | F41: C07 FOCAL 2020 vào HNB091 (6FO #1) 6FO | G41: 1 | H41: chưa có sơ đồ | I41: hàn 5,2 vào 1,2 sợi 6FO vào HNB091
A42: MX_NVT_03A | B42: R2-03 | C42: C06 12FO NVT_02A → NVT_03A 12FO | D42: 2 | E42: ↔ | F42: C07 FOCAL 2020 vào HNB091 (6FO #1) 6FO | G42: 2 | H42: chưa có sơ đồ | I42: hàn 5,2 vào 1,2 sợi 6FO vào HNB091
A43: MX_NVT_03B | B43: R2-04 | C43: C08 FOCAL 2020 ra HNB091 (6FO #2) 6FO | D43: 1 | E43: ↔ | F43: C09 12FO NVT_03B → NVT_02B 12FO | G43: 1 | H43: chưa có sơ đồ | I43: hàn 1,2 vào 1,2 sợi 12FO về NVT_02B
A44: MX_NVT_03B | B44: R2-04 | C44: C08 FOCAL 2020 ra HNB091 (6FO #2) 6FO | D44: 2 | E44: ↔ | F44: C09 12FO NVT_03B → NVT_02B 12FO | G44: 2 | H44: chưa có sơ đồ | I44: hàn 1,2 vào 1,2 sợi 12FO về NVT_02B
A45: MX_NVT_02B | B45: R2-04 | C45: C09 12FO NVT_03B → NVT_02B 12FO | D45: 1 | E45: ↔ | F45: C10 TPKL 12FO trục NVT_02B → LVL-05 (qua MX thẳng nối dài) 12FO | G45: 1 | H45: khớp sơ đồ
A46: MX_NVT_02B | B46: R2-04 | C46: C09 12FO NVT_03B → NVT_02B 12FO | D46: 2 | E46: ↔ | F46: C10 TPKL 12FO trục NVT_02B → LVL-05 (qua MX thẳng nối dài) 12FO | G46: 2 | H46: khớp sơ đồ
A47: MX_LVL-05 | B47: R2-04 | C47: C10 TPKL 12FO trục NVT_02B → LVL-05 (qua MX thẳng nối dài) 12FO | D47: 1 | E47: ↔ | F47: C11 TPKL POSTEF 11/2016 24FO | G47: 19 | H47: khớp sơ đồ | I47: hàn 1,2 vào 19,20 sợi 24FO TPKL POSTEF 11/2016
A48: MX_LVL-05 | B48: R2-04 | C48: C10 TPKL 12FO trục NVT_02B → LVL-05 (qua MX thẳng nối dài) 12FO | D48: 2 | E48: ↔ | F48: C11 TPKL POSTEF 11/2016 24FO | G48: 20 | H48: khớp sơ đồ | I48: hàn 1,2 vào 19,20 sợi 24FO TPKL POSTEF 11/2016
A49: MX_NB-01 | B49: R2-04 | C49: C11 TPKL POSTEF 11/2016 24FO | D49: 19 | E49: ↔ | F49: C12 12FO NB-01 → NB-02 12FO | G49: 1 | H49: khớp sơ đồ
A50: MX_NB-01 | B50: R2-04 | C50: C11 TPKL POSTEF 11/2016 24FO | D50: 20 | E50: ↔ | F50: C12 12FO NB-01 → NB-02 12FO | G50: 2 | H50: khớp sơ đồ
A51: MX_NB-02 | B51: R2-04 | C51: C12 12FO NB-01 → NB-02 12FO | D51: 1 | E51: ↔ | F51: C13 12FO NB-02 → NB-03 12FO | G51: 1 | H51: chưa có sơ đồ
A52: MX_NB-02 | B52: R2-04 | C52: C12 12FO NB-01 → NB-02 12FO | D52: 2 | E52: ↔ | F52: C13 12FO NB-02 → NB-03 12FO | G52: 2 | H52: chưa có sơ đồ
A53: MX_NB-03 | B53: R2-04 | C53: C13 12FO NB-02 → NB-03 12FO | D53: 1 | E53: ↔ | F53: C14 12FO NB-03 → NB-04 12FO | G53: 1 | H53: chưa có sơ đồ
A54: MX_NB-03 | B54: R2-04 | C54: C13 12FO NB-02 → NB-03 12FO | D54: 2 | E54: ↔ | F54: C14 12FO NB-03 → NB-04 12FO | G54: 2 | H54: chưa có sơ đồ
A55: MX_NB-04 | B55: R2-04 | C55: C14 12FO NB-03 → NB-04 12FO | D55: 1 | E55: ↔ | F55: C15 12FO NB-04 → MX thẳng HTP 12FO | G55: 1 | H55: chưa có sơ đồ
A56: MX_NB-04 | B56: R2-04 | C56: C14 12FO NB-03 → NB-04 12FO | D56: 2 | E56: ↔ | F56: C15 12FO NB-04 → MX thẳng HTP 12FO | G56: 2 | H56: chưa có sơ đồ
A57: MX thẳng HTP | B57: R2-04 | C57: C15 12FO NB-04 → MX thẳng HTP 12FO | D57: 1 | E57: ↔ | F57: C16 12FO MX thẳng HTP → HTP-03B 12FO | G57: 1 | H57: chưa có sơ đồ | I57: MX thẳng nối dài (xác nhận: hết đoạn 600 m từ SG mới trên đường HTP, 10.680424, 106.748376)
A58: MX thẳng HTP | B58: R2-04 | C58: C15 12FO NB-04 → MX thẳng HTP 12FO | D58: 2 | E58: ↔ | F58: C16 12FO MX thẳng HTP → HTP-03B 12FO | G58: 2 | H58: chưa có sơ đồ | I58: MX thẳng nối dài (xác nhận: hết đoạn 600 m từ SG mới trên đường HTP, 10.680424, 106.748376)
A59: MX_HTP-03B | B59: R2-04 | C59: C16 12FO MX thẳng HTP → HTP-03B 12FO | D59: 1 | E59: ↔ | F59: C17 POSTEF 24FO nhập đài (cs 1550→1288) 24FO | G59: 1 | H59: chưa có sơ đồ | I59: hàn 1,2 vào sợi nhập đài POSTEF 24FO (chỉ số 1550→1288)
A60: MX_HTP-03B | B60: R2-04 | C60: C16 12FO MX thẳng HTP → HTP-03B 12FO | D60: 2 | E60: ↔ | F60: C17 POSTEF 24FO nhập đài (cs 1550→1288) 24FO | G60: 2 | H60: chưa có sơ đồ | I60: hàn 1,2 vào sợi nhập đài POSTEF 24FO (chỉ số 1550→1288)

Sheet Quỹ core
A1: Quỹ core từng cáp — loại trừ dần
A2: Core đã dùng cho link (theo đường đi mô tả) hoặc hư thì không còn là ứng viên; "có nhãn, chưa gán link" = sơ đồ MX gán nhóm nhưng đường đi chưa mô tả. Trống/chưa rõ = còn quỹ.
A4: Mã cáp | B4: Cáp | C4: Tuyến | D4: Số FO | E4: Dùng | F4: Hư | G4: Có nhãn chưa gán | H4: Trống/chưa rõ | I4: Cặp trống tối đa
A5: C01 | B5: ADSS 9/2009 | C5: VNPT Long Thới (ODF-02 NBE12) → MX nhập đài Long Thới–NVT | D5: 24 | E5: =COUNTIFS($A$29:$A$2000,A5,$E$29:$E$2000,"dùng*") | F5: =COUNTIFS($A$29:$A$2000,A5,$E$29:$E$2000,"HƯ") | G5: =COUNTIFS($A$29:$A$2000,A5,$E$29:$E$2000,"có nhãn*") | H5: =D5-E5-F5-G5 | I5: =INT(H5/2)
A6: C02 | B6: SACOM 8/2014 | C6: MX nhập đài Long Thới–NVT → MX_NVT_01 | D6: 12 | E6: =COUNTIFS($A$29:$A$2000,A6,$E$29:$E$2000,"dùng*") | F6: =COUNTIFS($A$29:$A$2000,A6,$E$29:$E$2000,"HƯ") | G6: =COUNTIFS($A$29:$A$2000,A6,$E$29:$E$2000,"có nhãn*") | H6: =D6-E6-F6-G6 | I6: =INT(H6/2)
A7: C03 | B7: FOCAL 9/2020 (vào HNB054) | C7: MX_NVT_01 → HNB054 | D7: 12 | E7: =COUNTIFS($A$29:$A$2000,A7,$E$29:$E$2000,"dùng*") | F7: =COUNTIFS($A$29:$A$2000,A7,$E$29:$E$2000,"HƯ") | G7: =COUNTIFS($A$29:$A$2000,A7,$E$29:$E$2000,"có nhãn*") | H7: =D7-E7-F7-G7 | I7: =INT(H7/2)
A8: C04 | B8: FOCAL 9/2020 trục (gồm 175 m ngầm) | C8: MX_NVT_01 → MX_NVT_02A | D8: 12 | E8: =COUNTIFS($A$29:$A$2000,A8,$E$29:$E$2000,"dùng*") | F8: =COUNTIFS($A$29:$A$2000,A8,$E$29:$E$2000,"HƯ") | G8: =COUNTIFS($A$29:$A$2000,A8,$E$29:$E$2000,"có nhãn*") | H8: =D8-E8-F8-G8 | I8: =INT(H8/2)
A9: C05 | B9: 12FO vào HNB006 | C9: MX_NVT_02A → HNB006 | D9: 12 | E9: =COUNTIFS($A$29:$A$2000,A9,$E$29:$E$2000,"dùng*") | F9: =COUNTIFS($A$29:$A$2000,A9,$E$29:$E$2000,"HƯ") | G9: =COUNTIFS($A$29:$A$2000,A9,$E$29:$E$2000,"có nhãn*") | H9: =D9-E9-F9-G9 | I9: =INT(H9/2)
A10: C06 | B10: 12FO NVT_02A → NVT_03A | C10: MX_NVT_02A → MX_NVT_03A | D10: 12 | E10: =COUNTIFS($A$29:$A$2000,A10,$E$29:$E$2000,"dùng*") | F10: =COUNTIFS($A$29:$A$2000,A10,$E$29:$E$2000,"HƯ") | G10: =COUNTIFS($A$29:$A$2000,A10,$E$29:$E$2000,"có nhãn*") | H10: =D10-E10-F10-G10 | I10: =INT(H10/2)
A11: C07 | B11: FOCAL 2020 vào HNB091 (6FO #1) | C11: MX_NVT_03A → HNB091 | D11: 6 | E11: =COUNTIFS($A$29:$A$2000,A11,$E$29:$E$2000,"dùng*") | F11: =COUNTIFS($A$29:$A$2000,A11,$E$29:$E$2000,"HƯ") | G11: =COUNTIFS($A$29:$A$2000,A11,$E$29:$E$2000,"có nhãn*") | H11: =D11-E11-F11-G11 | I11: =INT(H11/2)
A12: C08 | B12: FOCAL 2020 ra HNB091 (6FO #2) | C12: HNB091 → MX_NVT_03B | D12: 6 | E12: =COUNTIFS($A$29:$A$2000,A12,$E$29:$E$2000,"dùng*") | F12: =COUNTIFS($A$29:$A$2000,A12,$E$29:$E$2000,"HƯ") | G12: =COUNTIFS($A$29:$A$2000,A12,$E$29:$E$2000,"có nhãn*") | H12: =D12-E12-F12-G12 | I12: =INT(H12/2)
A13: C09 | B13: 12FO NVT_03B → NVT_02B | C13: MX_NVT_03B → MX_NVT_02B | D13: 12 | E13: =COUNTIFS($A$29:$A$2000,A13,$E$29:$E$2000,"dùng*") | F13: =COUNTIFS($A$29:$A$2000,A13,$E$29:$E$2000,"HƯ") | G13: =COUNTIFS($A$29:$A$2000,A13,$E$29:$E$2000,"có nhãn*") | H13: =D13-E13-F13-G13 | I13: =INT(H13/2)
A14: C10 | B14: TPKL 12FO trục NVT_02B → LVL-05 (qua MX thẳng nối dài) | C14: MX_NVT_02B → MX_LVL-05 | D14: 12 | E14: =COUNTIFS($A$29:$A$2000,A14,$E$29:$E$2000,"dùng*") | F14: =COUNTIFS($A$29:$A$2000,A14,$E$29:$E$2000,"HƯ") | G14: =COUNTIFS($A$29:$A$2000,A14,$E$29:$E$2000,"có nhãn*") | H14: =D14-E14-F14-G14 | I14: =INT(H14/2)
A15: C11 | B15: TPKL POSTEF 11/2016 | C15: MX_LVL-05 → MX_NB-01 | D15: 24 | E15: =COUNTIFS($A$29:$A$2000,A15,$E$29:$E$2000,"dùng*") | F15: =COUNTIFS($A$29:$A$2000,A15,$E$29:$E$2000,"HƯ") | G15: =COUNTIFS($A$29:$A$2000,A15,$E$29:$E$2000,"có nhãn*") | H15: =D15-E15-F15-G15 | I15: =INT(H15/2)
A16: C12 | B16: 12FO NB-01 → NB-02 | C16: MX_NB-01 → MX_NB-02 | D16: 12 | E16: =COUNTIFS($A$29:$A$2000,A16,$E$29:$E$2000,"dùng*") | F16: =COUNTIFS($A$29:$A$2000,A16,$E$29:$E$2000,"HƯ") | G16: =COUNTIFS($A$29:$A$2000,A16,$E$29:$E$2000,"có nhãn*") | H16: =D16-E16-F16-G16 | I16: =INT(H16/2)
... A25: C21 | B25: FOCAL 2020 HNB048 → MX_NVT_03B (6FO) | C25: HNB048 → MX_NVT_03B | D25: 6 | E25: =COUNTIFS($A$29:$A$2000,A25,$E$29:$E$2000,"dùng*") | F25: =COUNTIFS($A$29:$A$2000,A25,$E$29:$E$2000,"HƯ") | G25: =COUNTIFS($A$29:$A$2000,A25,$E$29:$E$2000,"có nhãn*") | H25: =D25-E25-F25-G25 | I25: =INT(H25/2)
A27: Chi tiết từng core
A28: Mã cáp | B28: Cáp | C28: Core | D28: Màu sợi | E28: Trạng thái | F28: Nhãn trong sơ đồ MX | G28: Trạm (sơ đồ) | H28: Link dùng
A29: C01 | B29: ADSS 9/2009 | C29: 1 | D29: xanh dương | E29: dùng R2-01 | H29: R2-01
A30: C01 | B30: ADSS 9/2009 | C30: 2 | D30: cam | E30: dùng R2-01 | H30: R2-01
A31: C01 | B31: ADSS 9/2009 | C31: 3 | D31: xanh lá | E31: dùng R1-01 | H31: R1-01
A32: C01 | B32: ADSS 9/2009 | C32: 4 | D32: nâu | E32: dùng R1-01 | H32: R1-01
A33: C01 | B33: ADSS 9/2009 | C33: 5 | D33: xám | E33: trống/chưa rõ
A34: C01 | B34: ADSS 9/2009 | C34: 6 | D34: trắng | E34: trống/chưa rõ
A35: C01 | B35: ADSS 9/2009 | C35: 7 | D35: xanh dương | E35: trống/chưa rõ
A36: C01 | B36: ADSS 9/2009 | C36: 8 | D36: cam | E36: trống/chưa rõ
A37: C01 | B37: ADSS 9/2009 | C37: 9 | D37: xanh lá | E37: trống/chưa rõ
A38: C01 | B38: ADSS 9/2009 | C38: 10 | D38: nâu | E38: trống/chưa rõ
A39: C01 | B39: ADSS 9/2009 | C39: 11 | D39: xám | E39: trống/chưa rõ
A40: C01 | B40: ADSS 9/2009 | C40: 12 | D40: trắng | E40: trống/chưa rõ
A41: C01 | B41: ADSS 9/2009 | C41: 13 | D41: xanh dương | E41: trống/chưa rõ
A42: C01 | B42: ADSS 9/2009 | C42: 14 | D42: cam | E42: trống/chưa rõ
A43: C01 | B43: ADSS 9/2009 | C43: 15 | D43: xanh lá | E43: trống/chưa rõ
A44: C01 | B44: ADSS 9/2009 | C44: 16 | D44: nâu | E44: trống/chưa rõ
... A52: C01 | B52: ADSS 9/2009 | C52: 24 | D52: trắng | E52: trống/chưa rõ
A53: C02 | B53: SACOM 8/2014 | C53: 1 | D53: xanh dương | E53: dùng R2-01 | H53: R2-01
A54: C02 | B54: SACOM 8/2014 | C54: 2 | D54: cam | E54: dùng R2-01 | H54: R2-01
A55: C02 | B55: SACOM 8/2014 | C55: 3 | D55: xanh lá | E55: dùng R1-01 | H55: R1-01
A56: C02 | B56: SACOM 8/2014 | C56: 4 | D56: nâu | E56: dùng R1-01 | H56: R1-01
A57: C02 | B57: SACOM 8/2014 | C57: 5 | D57: xám | E57: trống/chưa rõ
A58: C02 | B58: SACOM 8/2014 | C58: 6 | D58: trắng | E58: trống/chưa rõ
A59: C02 | B59: SACOM 8/2014 | C59: 7 | D59: xanh dương | E59: trống/chưa rõ
A60: C02 | B60: SACOM 8/2014 | C60: 8 | D60: cam | E60: trống/chưa rõ
A61: C02 | B61: SACOM 8/2014 | C61: 9 | D61: xanh lá | E61: trống/chưa rõ
A62: C02 | B62: SACOM 8/2014 | C62: 10 | D62: nâu | E62: trống/chưa rõ
A63: C02 | B63: SACOM 8/2014 | C63: 11 | D63: xám | E63: trống/chưa rõ
A64: C02 | B64: SACOM 8/2014 | C64: 12 | D64: trắng | E64: trống/chưa rõ
A65: C03 | B65: FOCAL 9/2020 (vào HNB054) | C65: 1 | D65: xanh dương | E65: dùng R2-01 | H65: R2-01
A66: C03 | B66: FOCAL 9/2020 (vào HNB054) | C66: 2 | D66: cam | E66: dùng R2-01 | H66: R2-01
A67: C03 | B67: FOCAL 9/2020 (vào HNB054) | C67: 3 | D67: xanh lá | E67: dùng R2-02 | H67: R2-02
A68: C03 | B68: FOCAL 9/2020 (vào HNB054) | C68: 4 | D68: nâu | E68: dùng R2-02 | H68: R2-02
A69: C03 | B69: FOCAL 9/2020 (vào HNB054) | C69: 5 | D69: xám | E69: trống/chưa rõ
A70: C03 | B70: FOCAL 9/2020 (vào HNB054) | C70: 6 | D70: trắng | E70: trống/chưa rõ
A71: C03 | B71: FOCAL 9/2020 (vào HNB054) | C71: 7 | D71: xanh dương | E71: trống/chưa rõ
A72: C03 | B72: FOCAL 9/2020 (vào HNB054) | C72: 8 | D72: cam | E72: trống/chưa rõ
A73: C03 | B73: FOCAL 9/2020 (vào HNB054) | C73: 9 | D73: xanh lá | E73: trống/chưa rõ
A74: C03 | B74: FOCAL 9/2020 (vào HNB054) | C74: 10 | D74: nâu | E74: trống/chưa rõ
A75: C03 | B75: FOCAL 9/2020 (vào HNB054) | C75: 11 | D75: xám | E75: trống/chưa rõ
A76: C03 | B76: FOCAL 9/2020 (vào HNB054) | C76: 12 | D76: trắng | E76: trống/chưa rõ
A77: C04 | B77: FOCAL 9/2020 trục (gồm 175 m ngầm) | C77: 1 | D77: xanh dương | E77: dùng R2-02 | F77: MX_NVT_02A: A | H77: R2-02
A78: C04 | B78: FOCAL 9/2020 trục (gồm 175 m ngầm) | C78: 2 | D78: cam | E78: dùng R2-02 | F78: MX_NVT_02A: A | H78: R2-02
A79: C04 | B79: FOCAL 9/2020 trục (gồm 175 m ngầm) | C79: 3 | D79: xanh lá | E79: dùng R1-01 | F79: MX_NVT_02A: B | H79: R1-01
A80: C04 | B80: FOCAL 9/2020 trục (gồm 175 m ngầm) | C80: 4 | D80: nâu | E80: dùng R1-01 | F80: MX_NVT_02A: B | H80: R1-01
A81: C04 | B81: FOCAL 9/2020 trục (gồm 175 m ngầm) | C81: 5 | D81: xám | E81: trống/chưa rõ
A82: C04 | B82: FOCAL 9/2020 trục (gồm 175 m ngầm) | C82: 6 | D82: trắng | E82: trống/chưa rõ
A83: C04 | B83: FOCAL 9/2020 trục (gồm 175 m ngầm) | C83: 7 | D83: xanh dương | E83: có nhãn, chưa gán link | F83: MX_NVT_02A: C
A84: C04 | B84: FOCAL 9/2020 trục (gồm 175 m ngầm) | C84: 8 | D84: cam | E84: có nhãn, chưa gán link | F84: MX_NVT_02A: C
A85: C04 | B85: FOCAL 9/2020 trục (gồm 175 m ngầm) | C85: 9 | D85: xanh lá | E85: có nhãn, chưa gán link | F85: MX_NVT_02A: C | G85: HNB066
A86: C04 | B86: FOCAL 9/2020 trục (gồm 175 m ngầm) | C86: 10 | D86: nâu | E86: có nhãn, chưa gán link | F86: MX_NVT_02A: C | G86: HNB066
A87: C04 | B87: FOCAL 9/2020 trục (gồm 175 m ngầm) | C87: 11 | D87: xám | E87: có nhãn, chưa gán link | F87: MX_NVT_02A: C | G87: HNB005
A88: C04 | B88: FOCAL 9/2020 trục (gồm 175 m ngầm) | C88: 12 | D88: trắng | E88: có nhãn, chưa gán link | F88: MX_NVT_02A: C | G88: HNB005
A89: C05 | B89: 12FO vào HNB006 | C89: 1 | D89: xanh dương | E89: dùng R2-02 | F89: MX_NVT_02A: A | H89: R2-02
A90: C05 | B90: 12FO vào HNB006 | C90: 2 | D90: cam | E90: dùng R2-02 | F90: MX_NVT_02A: A | H90: R2-02
A91: C05 | B91: 12FO vào HNB006 | C91: 3 | D91: xanh lá | E91: dùng R2-03 | F91: MX_NVT_02A: D | H91: R2-03
A92: C05 | B92: 12FO vào HNB006 | C92: 4 | D92: nâu | E92: dùng R2-03 | F92: MX_NVT_02A: D | H92: R2-03
A93: C05 | B93: 12FO vào HNB006 | C93: 5 | D93: xám | E93: trống/chưa rõ
A94: C05 | B94: 12FO vào HNB006 | C94: 6 | D94: trắng | E94: trống/chưa rõ
A95: C05 | B95: 12FO vào HNB006 | C95: 7 | D95: xanh dương | E95: trống/chưa rõ
A96: C05 | B96: 12FO vào HNB006 | C96: 8 | D96: cam | E96: trống/chưa rõ
A97: C05 | B97: 12FO vào HNB006 | C97: 9 | D97: xanh lá | E97: trống/chưa rõ
A98: C05 | B98: 12FO vào HNB006 | C98: 10 | D98: nâu | E98: trống/chưa rõ
A99: C05 | B99: 12FO vào HNB006 | C99: 11 | D99: xám | E99: trống/chưa rõ
A100: C05 | B100: 12FO vào HNB006 | C100: 12 | D100: trắng | E100: trống/chưa rõ
A101: C06 | B101: 12FO NVT_02A → NVT_03A | C101: 1 | D101: xanh dương | E101: HƯ | F101: MX_NVT_02A: HƯ
A102: C06 | B102: 12FO NVT_02A → NVT_03A | C102: 2 | D102: cam | E102: dùng R2-03 | F102: MX_NVT_02A: D | H102: R2-03
A103: C06 | B103: 12FO NVT_02A → NVT_03A | C103: 3 | D103: xanh lá | E103: dùng R1-01 | F103: MX_NVT_02A: B | H103: R1-01
A104: C06 | B104: 12FO NVT_02A → NVT_03A | C104: 4 | D104: nâu | E104: dùng R1-01 | F104: MX_NVT_02A: B | H104: R1-01
A105: C06 | B105: 12FO NVT_02A → NVT_03A | C105: 5 | D105: xám | E105: dùng R2-03 | F105: MX_NVT_02A: D | H105: R2-03
A106: C06 | B106: 12FO NVT_02A → NVT_03A | C106: 6 | D106: trắng | E106: trống/chưa rõ
A107: C06 | B107: 12FO NVT_02A → NVT_03A | C107: 7 | D107: xanh dương | E107: trống/chưa rõ
A108: C06 | B108: 12FO NVT_02A → NVT_03A | C108: 8 | D108: cam | E108: trống/chưa rõ
A109: C06 | B109: 12FO NVT_02A → NVT_03A | C109: 9 | D109: xanh lá | E109: trống/chưa rõ
A110: C06 | B110: 12FO NVT_02A → NVT_03A | C110: 10 | D110: nâu | E110: trống/chưa rõ
A111: C06 | B111: 12FO NVT_02A → NVT_03A | C111: 11 | D111: xám | E111: trống/chưa rõ
A112: C06 | B112: 12FO NVT_02A → NVT_03A | C112: 12 | D112: trắng | E112: trống/chưa rõ
A113: C07 | B113: FOCAL 2020 vào HNB091 (6FO #1) | C113: 1 | D113: xanh dương | E113: dùng R2-03 | H113: R2-03
A114: C07 | B114: FOCAL 2020 vào HNB091 (6FO #1) | C114: 2 | D114: cam | E114: dùng R2-03 | H114: R2-03
A115: C07 | B115: FOCAL 2020 vào HNB091 (6FO #1) | C115: 3 | D115: xanh lá | E115: trống/chưa rõ
A116: C07 | B116: FOCAL 2020 vào HNB091 (6FO #1) | C116: 4 | D116: nâu | E116: trống/chưa rõ
A117: C07 | B117: FOCAL 2020 vào HNB091 (6FO #1) | C117: 5 | D117: xám | E117: trống/chưa rõ
...

Sheet Phối core MX
A1: Bảng phối core tại măng xông: core nào hàn với core nào
A2: Suy từ nhãn trong sơ đồ MX (cùng nhãn = cùng nhóm hàn; core nhỏ hàn core nhỏ). Màu sợi/ống theo thứ tự 6 sợi/ống (giả định). Cột "Trạm" lấy từ tên trạm ghi sát nhãn.
A4: Măng xông | B4: Nhãn | C4: Cáp A | D4: Core A | E4: Ống A | F4: Màu A | G4: Cáp B | H4: Core B | I4: Ống B | J4: Màu B | K4: Trạm (ghi trong sơ đồ) | L4: Ghi chú
A5: MX_PHẠM HÙNG | B5: A | C5: K4 · 8FO → HNB014 | D5: 1 | E5: 1 | F5: xanh dương | G5: K17 · Focal 6/2007 8FO → HNB012 | H5: 1 | I5: 1 | J5: xanh dương
A6: MX_PHẠM HÙNG | B6: A | C6: K4 · 8FO → HNB014 | D6: 2 | E6: 1 | F6: cam | G6: K17 · Focal 6/2007 8FO → HNB012 | H6: 2 | I6: 1 | J6: cam
A7: MX_PHẠM HÙNG | B7: A | C7: K4 · 8FO → HNB014 | D7: 3 | E7: 1 | F7: xanh lá | G7: K17 · Focal 6/2007 8FO → HNB012 | H7: 3 | I7: 1 | J7: xanh lá
A8: MX_PHẠM HÙNG | B8: A | C8: K4 · 8FO → HNB014 | D8: 4 | E8: 1 | F8: nâu | G8: K17 · Focal 6/2007 8FO → HNB012 | H8: 4 | I8: 1 | J8: nâu
A9: MX_PHẠM HÙNG | B9: B | C9: K4 · 8FO → HNB014 | D9: 5 | E9: 1 | F9: xám | G9: C17 · 6FO → HNB113 | H9: 1 | I9: 1 | J9: xanh dương
A10: MX_PHẠM HÙNG | B10: B | C10: K4 · 8FO → HNB014 | D10: 6 | E10: 1 | F10: trắng | G10: C17 · 6FO → HNB113 | H10: 2 | I10: 1 | J10: cam
A11: MX_PHẠM HÙNG | B11: B | C11: K4 · 8FO → HNB014 | D11: 7 | E11: 2 | F11: xanh dương | G11: C17 · 6FO → HNB113 | H11: 3 | I11: 1 | J11: xanh lá
A12: MX_PHẠM HÙNG | B12: B | C12: K4 · 8FO → HNB014 | D12: 8 | E12: 2 | F12: cam | G12: C17 · 6FO → HNB113 | H12: 4 | I12: 1 | J12: nâu
A13: MX_LVL-01 | B13: A | C13: AM5 · VINA 2018 AESS 12FO → HNB011 | D13: 1 | E13: 1 | F13: xanh dương | G13: AA8 · FOCAL 2020 12FO → Đào Sư Tích | H13: 3 | I13: 1 | J13: xanh lá | K13: HNB011
A14: MX_LVL-01 | B14: A | C14: AM5 · VINA 2018 AESS 12FO → HNB011 | D14: 2 | E14: 1 | F14: cam | G14: AA8 · FOCAL 2020 12FO → Đào Sư Tích | H14: 4 | I14: 1 | J14: nâu | K14: HNB011
A15: MX_LVL-01 | B15: B | C15: AA8 · FOCAL 2020 12FO → Đào Sư Tích | D15: 5 | E15: 1 | F15: xám | G15: AD22 · FOCAL 2013 12FO → LVL-Ngô Quang Thắm | H15: 5 | I15: 1 | J15: xám | K15: HNB055
A16: MX_LVL-01 | B16: B | C16: AA8 · FOCAL 2020 12FO → Đào Sư Tích | D16: 6 | E16: 1 | F16: trắng | G16: AD22 · FOCAL 2013 12FO → LVL-Ngô Quang Thắm | H16: 6 | I16: 1 | J16: trắng | K16: HNB055
A17: MX_LVL-01 | B17: C | C17: AD5 · FOCAL 6/2007 12FO → HNB075 | D17: 1 | E17: 1 | F17: xanh dương | G17: AD22 · FOCAL 2013 12FO → LVL-Ngô Quang Thắm | H17: 1 | I17: 1 | J17: xanh dương | K17: HNB075
A18: MX_LVL-01 | B18: C | C18: AD5 · FOCAL 6/2007 12FO → HNB075 | D18: 2 | E18: 1 | F18: cam | G18: AD22 · FOCAL 2013 12FO → LVL-Ngô Quang Thắm | H18: 2 | I18: 1 | J18: cam | K18: HNB075
A19: MX_LVL-01 | B19: D | C19: AD5 · FOCAL 6/2007 12FO → HNB075 | D19: 3 | E19: 1 | F19: xanh lá | G19: AD22 · FOCAL 2013 12FO → LVL-Ngô Quang Thắm | H19: 7 | I19: 2 | J19: xanh dương
A20: MX_LVL-01 | B20: D | C20: AD5 · FOCAL 6/2007 12FO → HNB075 | D20: 4 | E20: 1 | F20: nâu | G20: AD22 · FOCAL 2013 12FO → LVL-Ngô Quang Thắm | H20: 8 | I20: 2 | J20: cam
A21: MX_LVL-01 | B21: D | C21: AD5 · FOCAL 6/2007 12FO → HNB075 | D21: 5 | E21: 1 | F21: xám | G21: AD22 · FOCAL 2013 12FO → LVL-Ngô Quang Thắm | H21: 9 | I21: 2 | J21: xanh lá
A22: MX_LVL-01 | B22: D | C22: AD5 · FOCAL 6/2007 12FO → HNB075 | D22: 6 | E22: 1 | F22: trắng | G22: AD22 · FOCAL 2013 12FO → LVL-Ngô Quang Thắm | H22: 10 | I22: 2 | J22: nâu
A23: MX_LVL-01 | B23: E | C23: AD5 · FOCAL 6/2007 12FO → HNB075 | D23: 7 | E23: 2 | F23: xanh dương | G23: AA8 · FOCAL 2020 12FO → Đào Sư Tích | H23: 7 | I23: 2 | J23: xanh dương
A24: MX_LVL-01 | B24: E | C24: AD5 · FOCAL 6/2007 12FO → HNB075 | D24: 8 | E24: 2 | F24: cam | G24: AA8 · FOCAL 2020 12FO → Đào Sư Tích | H24: 8 | I24: 2 | J24: cam
A25: MX_LVL-02 | B25: A | C25: AD28 · FOCAL 2013 12FO → Đào Sư Tích | D25: 1 | E25: 1 | F25: xanh dương | G25: AD41 · SACOM 1/2015 12FO → LVL-Ngô Quang Thắm | H25: 1 | I25: 1 | J25: xanh dương | K25: HNB075
A26: MX_LVL-02 | B26: A | C26: AD28 · FOCAL 2013 12FO → Đào Sư Tích | D26: 2 | E26: 1 | F26: cam | G26: AD41 · SACOM 1/2015 12FO → LVL-Ngô Quang Thắm | H26: 2 | I26: 1 | J26: cam | K26: HNB075
A27: MX_LVL-02 | B27: A | C27: AD28 · FOCAL 2013 12FO → Đào Sư Tích | D27: 7 | E27: 2 | F27: xanh dương | G27: AD41 · SACOM 1/2015 12FO → LVL-Ngô Quang Thắm | H27: 7 | I27: 2 | J27: xanh dương
A28: MX_LVL-02 | B28: A | C28: AD28 · FOCAL 2013 12FO → Đào Sư Tích | D28: 8 | E28: 2 | F28: cam | G28: AD41 · SACOM 1/2015 12FO → LVL-Ngô Quang Thắm | H28: 8 | I28: 2 | J28: cam
A29: MX_LVL-02 | B29: A | C29: AD28 · FOCAL 2013 12FO → Đào Sư Tích | D29: 9 | E29: 2 | F29: xanh lá | G29: AD41 · SACOM 1/2015 12FO → LVL-Ngô Quang Thắm | H29: 9 | I29: 2 | J29: xanh lá
A30: MX_LVL-02 | B30: A | C30: AD28 · FOCAL 2013 12FO → Đào Sư Tích | D30: 10 | E30: 2 | F30: nâu | G30: AD41 · SACOM 1/2015 12FO → LVL-Ngô Quang Thắm | H30: 10 | I30: 2 | J30: nâu
A31: MX_LVL-02 | B31: A | C31: AD28 · FOCAL 2013 12FO → Đào Sư Tích | D31: 11 | E31: 2 | F31: xám | G31: AD41 · SACOM 1/2015 12FO → LVL-Ngô Quang Thắm | H31: 11 | I31: 2 | J31: xám
A32: MX_LVL-02 | B32: A | C32: AD28 · FOCAL 2013 12FO → Đào Sư Tích | D32: 12 | E32: 2 | F32: trắng | G32: AD41 · SACOM 1/2015 12FO → LVL-Ngô Quang Thắm | H32: 12 | I32: 2 | J32: trắng
A33: MX_LVL-02 | B33: B | C33: AD28 · FOCAL 2013 12FO → Đào Sư Tích | D33: 5 | E33: 1 | F33: xám | G33: AQ28 · POSTEF 6/2019 8FO → HNB055 | H33: 1 | I33: 1 | J33: xanh dương | K33: HNB055
A34: MX_LVL-02 | B34: B | C34: AD28 · FOCAL 2013 12FO → Đào Sư Tích | D34: 6 | E34: 1 | F34: trắng | G34: AQ28 · POSTEF 6/2019 8FO → HNB055 | H34: 2 | I34: 1 | J34: cam | K34: HNB055
A35: MX_LVL-02 | B35: C | C35: AD41 · SACOM 1/2015 12FO → LVL-Ngô Quang Thắm | D35: 5 | E35: 1 | F35: xám | G35: AQ41 · SACOM 3.2016 8FO → HNB065 | H35: 1 | I35: 1 | J35: xanh dương | K35: HNB065
A36: MX_LVL-02 | B36: C | C36: AD41 · SACOM 1/2015 12FO → LVL-Ngô Quang Thắm | D36: 6 | E36: 1 | F36: trắng | G36: AQ41 · SACOM 3.2016 8FO → HNB065 | H36: 2 | I36: 1 | J36: cam | K36: HNB065
A37: MX_LVL-02 | B37: D | C37: AA31 · FO → | D37: 1 | E37: 1 | F37: xanh dương | G37: AD41 · SACOM 1/2015 12FO → LVL-Ngô Quang Thắm | H37: 3 | I37: 1 | J37: xanh lá | K37: HNB073
A38: MX_LVL-02 | B38: D | C38: AA31 · FO → | D38: 2 | E38: 1 | F38: cam | G38: AD41 · SACOM 1/2015 12FO → LVL-Ngô Quang Thắm | H38: 4 | I38: 1 | J38: nâu | K38: HNB073
A39: MX_LVL-03 | B39: A | C39: AD61 · 12FO → LVL-Ngô Quang Thắm | D39: 1 | E39: 1 | F39: xanh dương | G39: AQ61 · POSTEF 9/2019 12FO → Phạm Hữu Lầu | H39: 7 | I39: 2 | J39: xanh dương
A40: MX_LVL-03 | B40: A | C40: AD61 · 12FO → LVL-Ngô Quang Thắm | D40: 2 | E40: 1 | F40: cam | G40: AQ61 · POSTEF 9/2019 12FO → Phạm Hữu Lầu | H40: 8 | I40: 2 | J40: cam
A41: MX_LVL-03 | B41: A | C41: AD61 · 12FO → LVL-Ngô Quang Thắm | D41: 3 | E41: 1 | F41: xanh lá | G41: AQ61 · POSTEF 9/2019 12FO → Phạm Hữu Lầu | H41: 9 | I41: 2 | J41: xanh lá | K41: HNB066
A42: MX_LVL-03 | B42: A | C42: AD61 · 12FO → LVL-Ngô Quang Thắm | D42: 4 | E42: 1 | F42: nâu | G42: AQ61 · POSTEF 9/2019 12FO → Phạm Hữu Lầu | H42: 10 | I42: 2 | J42: nâu | K42: HNB066
A43: MX_LVL-03 | B43: A | C43: AD61 · 12FO → LVL-Ngô Quang Thắm | D43: 5 | E43: 1 | F43: xám | G43: AQ61 · POSTEF 9/2019 12FO → Phạm Hữu Lầu | H43: 11 | I43: 2 | J43: xám | K43: HNB005
A44: MX_LVL-03 | B44: A | C44: AD61 · 12FO → LVL-Ngô Quang Thắm | D44: 6 | E44: 1 | F44: trắng | G44: AQ61 · POSTEF 9/2019 12FO → Phạm Hữu Lầu | H44: 12 | I44: 2 | J44: trắng | K44: HNB005
A45: MX_LVL-03 | B45: B | C45: AD48 · VINA-OFC 2016 12FO → Đào Sư Tích | D45: 1 | E45: 1 | F45: xanh dương | G45: AQ61 · POSTEF 9/2019 12FO → Phạm Hữu Lầu | H45: 1 | I45: 1 | J45: xanh dương | K45: HNB075
A46: MX_LVL-03 | B46: B | C46: AD48 · VINA-OFC 2016 12FO → Đào Sư Tích | D46: 2 | E46: 1 | F46: cam | G46: AQ61 · POSTEF 9/2019 12FO → Phạm Hữu Lầu | H46: 2 | I46: 1 | J46: cam | K46: HNB075
A47: MX_LVL-03 | B47: B | C47: AD48 · VINA-OFC 2016 12FO → Đào Sư Tích | D47: 3 | E47: 1 | F47: xanh lá | G47: AQ61 · POSTEF 9/2019 12FO → Phạm Hữu Lầu | H47: 3 | I47: 1 | J47: xanh lá | K47: HNB073
A48: MX_LVL-03 | B48: B | C48: AD48 · VINA-OFC 2016 12FO → Đào Sư Tích | D48: 4 | E48: 1 | F48: nâu | G48: AQ61 · POSTEF 9/2019 12FO → Phạm Hữu Lầu | H48: 4 | I48: 1 | J48: nâu | K48: HNB073
A49: MX_LVL-03 | B49: C | C49: AQ48 · SACOM 2014 12FO → HNB094 | D49: 5 | E49: 1 | F49: xám | G49: AQ61 · POSTEF 9/2019 12FO → Phạm Hữu Lầu | H49: 5 | I49: 1 | J49: xám | K49: HNB094
A50: MX_LVL-03 | B50: C | C50: AQ48 · SACOM 2014 12FO → HNB094 | D50: 6 | E50: 1 | F50: trắng | G50: AQ61 · POSTEF 9/2019 12FO → Phạm Hữu Lầu | H50: 6 | I50: 1 | J50: trắng | K50: HNB094
A51: MX_LVL-03 | B51: D | C51: AD48 · VINA-OFC 2016 12FO → Đào Sư Tích | D51: 7 | E51: 2 | F51: xanh dương | G51: AD61 · 12FO → LVL-Ngô Quang Thắm | H51: 7 | I51: 2 | J51: xanh dương
A52: MX_LVL-03 | B52: D | C52: AD48 · VINA-OFC 2016 12FO → Đào Sư Tích | D52: 8 | E52: 2 | F52: cam | G52: AD61 · 12FO → LVL-Ngô Quang Thắm | H52: 8 | I52: 2 | J52: cam
A53: MX_LVL-03 | B53: D | C53: AD48 · VINA-OFC 2016 12FO → Đào Sư Tích | D53: 9 | E53: 2 | F53: xanh lá | G53: AD61 · 12FO → LVL-Ngô Quang Thắm | H53: 9 | I53: 2 | J53: xanh lá
A54: MX_LVL-03 | B54: D | C54: AD48 · VINA-OFC 2016 12FO → Đào Sư Tích | D54: 10 | E54: 2 | F54: nâu | G54: AD61 · 12FO → LVL-Ngô Quang Thắm | H54: 10 | I54: 2 | J54: nâu
A55: MX_LVL-03 | B55: E | C55: AD48 · VINA-OFC 2016 12FO → Đào Sư Tích | D55: 5 | E55: 1 | F55: xám | G55: AQ48 · SACOM 2014 12FO → HNB094 | H55: 3 | I55: 1 | J55: xanh lá | K55: HNB094
A56: MX_LVL-03 | B56: E | C56: AD48 · VINA-OFC 2016 12FO → Đào Sư Tích | D56: 6 | E56: 1 | F56: trắng | G56: AQ48 · SACOM 2014 12FO → HNB094 | H56: 4 | I56: 1 | J56: nâu | K56: HNB094
A57: MX_LVL-03 | B57: F | C57: AQ48 · SACOM 2014 12FO → HNB094 | D57: 1 | E57: 1 | F57: xanh dương | G57: AD61 · 12FO → LVL-Ngô Quang Thắm | H57: 11 | I57: 2 | J57: xám | K57: HNB094
A58: MX_LVL-03 | B58: F | C58: AQ48 · SACOM 2014 12FO → HNB094 | D58: 2 | E58: 1 | F58: cam | G58: AD61 · 12FO → LVL-Ngô Quang Thắm | H58: 12 | I58: 2 | J58: trắng | K58: HNB094
A59: MX_HTP-01 | B59: A | C59: CE48 · FOCAL 12FO → Phạm Hũu Lầu | D59: 1 | E59: 1 | F59: xanh dương | G59: CE61 · FOCAL 12FO → AGG-NBE22 (SG mới) | H59: 1 | I59: 1 | J59: xanh dương | K59: HNB075
A60: MX_HTP-01 | B60: A | C60: CE48 · FOCAL 12FO → Phạm Hũu Lầu | D60: 2 | E60: 1 | F60: cam | G60: CE61 · FOCAL 12FO → AGG-NBE22 (SG mới) | H60: 2 | I60: 1 | J60: cam | K60: HNB075
A61: MX_HTP-01 | B61: A | C61: CE48 · FOCAL 12FO → Phạm Hũu Lầu | D61: 3 | E61: 1 | F61: xanh lá | G61: CE61 · FOCAL 12FO → AGG-NBE22 (SG mới) | H61: 3 | I61: 1 | J61: xanh lá | K61: HNB073
A62: MX_HTP-01 | B62: A | C62: CE48 · FOCAL 12FO → Phạm Hũu Lầu | D62: 4 | E62: 1 | F62: nâu | G62: CE61 · FOCAL 12FO → AGG-NBE22 (SG mới) | H62: 4 | I62: 1 | J62: nâu | K62: HNB073
A63: MX_HTP-01 | B63: A | C63: CE48 · FOCAL 12FO → Phạm Hũu Lầu | D63: 5 | E63: 1 | F63: xám | G63: CE61 · FOCAL 12FO → AGG-NBE22 (SG mới) | H63: 5 | I63: 1 | J63: xám | K63: HNB094
A64: MX_HTP-01 | B64: A | C64: CE48 · FOCAL 12FO → Phạm Hũu Lầu | D64: 6 | E64: 1 | F64: trắng | G64: CE61 · FOCAL 12FO → AGG-NBE22 (SG mới) | H64: 6 | I64: 1 | J64: trắng | K64: HNB094
A65: MX_HTP-01 | B65: A | C65: CE48 · FOCAL 12FO → Phạm Hũu Lầu | D65: 7 | E65: 2 | F65: xanh dương | G65: CE61 · FOCAL 12FO → AGG-NBE22 (SG mới) | H65: 7 | I65: 2 | J65: xanh dương
A66: MX_HTP-01 | B66: A | C66: CE48 · FOCAL 12FO → Phạm Hũu Lầu | D66: 8 | E66: 2 | F66: cam | G66: CE61 · FOCAL 12FO → AGG-NBE22 (SG mới) | H66: 8 | I66: 2 | J66: cam
A67: MX_HTP-01 | B67: A | C67: CE48 · FOCAL 12FO → Phạm Hũu Lầu | D67: 11 | E67: 2 | F67: xám | G67: CE61 · FOCAL 12FO → AGG-NBE22 (SG mới) | H67: 11 | I67: 2 | J67: xám | K67: HNB005
A68: MX_HTP-01 | B68: A | C68: CE48 · FOCAL 12FO → Phạm Hũu Lầu | D68: 12 | E68: 2 | F68: trắng | G68: CE61 · FOCAL 12FO → AGG-NBE22 (SG mới) | H68: 12 | I68: 2 | J68: trắng | K68: HNB005
A69: MX_HTP-01 | B69: B | C69: CE48 · FOCAL 12FO → Phạm Hũu Lầu | D69: 9 | E69: 2 | F69: xanh lá | G69: CR48 · POSTEF 2016 8FO → HNB066 | H69: 1 | I69: 1 | J69: xanh dương | K69: HNB066
A70: MX_HTP-01 | B70: B | C70: CE48 · FOCAL 12FO → Phạm Hũu Lầu | D70: 10 | E70: 2 | F70: nâu | G70: CR48 · POSTEF 2016 8FO → HNB066 | H70: 2 | I70: 1 | J70: cam | K70: HNB066
A71: MX_LVL-04 | B71: A | C71: AD67 · SAMTEL 3/2015 12FO → Đào Sư Tích | D71: 1 | E71: 1 | F71: xanh dương | G71: AD80 · 12FO → LVL-Ngô Quang Thắm | H71: 1 | I71: 1 | J71: xanh dương
A72: MX_LVL-04 | B72: A | C72: AD67 · SAMTEL 3/2015 12FO → Đào Sư Tích | D72: 2 | E72: 1 | F72: cam | G72: AD80 · 12FO → LVL-Ngô Quang Thắm | H72: 2 | I72: 1 | J72: cam
A73: MX_LVL-04 | B73: A | C73: AD67 · SAMTEL 3/2015 12FO → Đào Sư Tích | D73: 3 | E73: 1 | F73: xanh lá | G73: AD80 · 12FO → LVL-Ngô Quang Thắm | H73: 3 | I73: 1 | J73: xanh lá | K73: HNB066
A74: MX_LVL-04 | B74: A | C74: AD67 · SAMTEL 3/2015 12FO → Đào Sư Tích | D74: 4 | E74: 1 | F74: nâu | G74: AD80 · 12FO → LVL-Ngô Quang Thắm | H74: 4 | I74: 1 | J74: nâu | K74: HNB066
A75: MX_LVL-04 | B75: A | C75: AD67 · SAMTEL 3/2015 12FO → Đào Sư Tích | D75: 5 | E75: 1 | F75: xám | G75: AD80 · 12FO → LVL-Ngô Quang Thắm | H75: 5 | I75: 1 | J75: xám | K75: HNB005
A76: MX_LVL-04 | B76: A | C76: AD67 · SAMTEL 3/2015 12FO → Đào Sư Tích | D76: 6 | E76: 1 | F76: trắng | G76: AD80 · 12FO → LVL-Ngô Quang Thắm | H76: 6 | I76: 1 | J76: trắng | K76: HNB005
A77: MX_LVL-04 | B77: A | C77: AD67 · SAMTEL 3/2015 12FO → Đào Sư Tích | D77: 7 | E77: 2 | F77: xanh dương | G77: AD80 · 12FO → LVL-Ngô Quang Thắm | H77: 9 | I77: 2 | J77: xanh lá
A78: MX_LVL-04 | B78: A | C78: AD67 · SAMTEL 3/2015 12FO → Đào Sư Tích | D78: 8 | E78: 2 | F78: cam | G78: AD80 · 12FO → LVL-Ngô Quang Thắm | H78: 10 | I78: 2 | J78: nâu
A79: MX_LVL-04 | B79: B | C79: AD67 · SAMTEL 3/2015 12FO → Đào Sư Tích | D79: 11 | E79: 2 | F79: xám | G79: AA70 · POSTEF 8/2019 6FO → HNB018 | H79: 1 | I79: 1 | J79: xanh dương | K79: HNB094
A80: MX_LVL-04 | B80: B | C80: AD67 · SAMTEL 3/2015 12FO → Đào Sư Tích | D80: 12 | E80: 2 | F80: trắng | G80: AA70 · POSTEF 8/2019 6FO → HNB018 | H80: 2 | I80: 1 | J80: cam | K80: HNB094
A81: MX_LVL-04 | B81: C | C81: AR70 · FO → | D81: 1 | E81: 1 | F81: xanh dương | G81: AD80 · 12FO → LVL-Ngô Quang Thắm | H81: 7 | I81: 2 | J81: xanh dương | K81: LACG43
A82: MX_LVL-04 | B82: C | C82: AR70 · FO → | D82: 2 | E82: 1 | F82: cam | G82: AD80 · 12FO → LVL-Ngô Quang Thắm | H82: 8 | I82: 2 | J82: cam | K82: LACG43
A83: MX_HTP-02 | B83: A | C83: CE68 · FOCAL 12FO → cầu Phú Xuân 2 | D83: 1 | E83: 1 | F83: xanh dương | G83: CE81 · FOCAL 12FO → AGG-NBE22 (SG mới) | H83: 1 | I83: 1 | J83: xanh dương | K83: HNB075
A84: MX_HTP-02 | B84: A | C84: CE68 · FOCAL 12FO → cầu Phú Xuân 2 | D84: 2 | E84: 1 | F84: cam | G84: CE81 · FOCAL 12FO → AGG-NBE22 (SG mới) | H84: 2 | I84: 1 | J84: cam | K84: HNB075
A85: MX_HTP-02 | B85: A | C85: CE68 · FOCAL 12FO → cầu Phú Xuân 2 | D85: 3 | E85: 1 | F85: xanh lá | G85: CE81 · FOCAL 12FO → AGG-NBE22 (SG mới) | H85: 3 | I85: 1 | J85: xanh lá | K85: HNB073
A86: MX_HTP-02 | B86: A | C86: CE68 · FOCAL 12FO → cầu Phú Xuân 2 | D86: 4 | E86: 1 | F86: nâu | G86: CE81 · FOCAL 12FO → AGG-NBE22 (SG mới) | H86: 4 | I86: 1 | J86: nâu | K86: HNB073
A87: MX_HTP-02 | B87: A | C87: CE68 · FOCAL 12FO → cầu Phú Xuân 2 | D87: 5 | E87: 1 | F87: xám | G87: CE81 · FOCAL 12FO → AGG-NBE22 (SG mới) | H87: 5 | I87: 1 | J87: xám | K87: HNB094
A88: MX_HTP-02 | B88: A | C88: CE68 · FOCAL 12FO → cầu Phú Xuân 2 | D88: 6 | E88: 1 | F88: trắng | G88: CE81 · FOCAL 12FO → AGG-NBE22 (SG mới) | H88: 6 | I88: 1 | J88: trắng | K88: HNB094
A89: MX_HTP-02 | B89: A | C89: CE68 · FOCAL 12FO → cầu Phú Xuân 2 | D89: 7 | E89: 2 | F89: xanh dương | G89: CE81 · FOCAL 12FO → AGG-NBE22 (SG mới) | H89: 7 | I89: 2 | J89: xanh dương
A90: MX_HTP-02 | B90: A | C90: CE68 · FOCAL 12FO → cầu Phú Xuân 2 | D90: 8 | E90: 2 | F90: cam | G90: CE81 · FOCAL 12FO → AGG-NBE22 (SG mới) | H90: 8 | I90: 2 | J90: cam
A91: MX_HTP-02 | B91: B | C91: CE68 · FOCAL 12FO → cầu Phú Xuân 2 | D91: 11 | E91: 2 | F91: xám | G91: CR81 · Vina-OFC AESS2016 8FO → HNB005 | H91: 1 | I91: 1 | J91: xanh dương | K91: HNB005
A92: MX_HTP-02 | B92: B | C92: CE68 · FOCAL 12FO → cầu Phú Xuân 2 | D92: 12 | E92: 2 | F92: trắng | G92: CR81 · Vina-OFC AESS2016 8FO → HNB005 | H92: 2 | I92: 1 | J92: cam | K92: HNB005
A93: MX_HTP-02 | B93: C | C93: CB71 · POSTEF 1/2019 8FO → HNB038 | D93: 1 | E93: 1 | F93: xanh dương | G93: CE81 · FOCAL 12FO → AGG-NBE22 (SG mới) | H93: 9 | I93: 2 | J93: xanh lá | K93: HNB038
A94: MX_HTP-02 | B94: C | C94: CB71 · POSTEF 1/2019 8FO → HNB038 | D94: 2 | E94: 1 | F94: cam | G94: CE81 · FOCAL 12FO → AGG-NBE22 (SG mới) | H94: 10 | I94: 2 | J94: nâu | K94: HNB038
A95: MX_LVL-05 | B95: A | C95: AA89 · 12FO → Đào Sư Tích | D95: 1 | E95: 1 | F95: xanh dương | G95: AD103 · HƯỚNG VỀ VNPT LONG THỚI 24FO → CÁP TREO 24FO HƯỚNG VỀ VNPT LONG THỚI | H95: 1 | I95: 1 | J95: xanh dương | K95: HNB012
A96: MX_LVL-05 | B96: A | C96: AA89 · 12FO → Đào Sư Tích | D96: 2 | E96: 1 | F96: cam | G96: AD103 · HƯỚNG VỀ VNPT LONG THỚI 24FO → CÁP TREO 24FO HƯỚNG VỀ VNPT LONG THỚI | H96: 2 | I96: 1 | J96: cam | K96: HNB012
A97: MX_LVL-05 | B97: A | C97: AA89 · 12FO → Đào Sư Tích | D97: 3 | E97: 1 | F97: xanh lá | G97: AD103 · HƯỚNG VỀ VNPT LONG THỚI 24FO → CÁP TREO 24FO HƯỚNG VỀ VNPT LONG THỚI | H97: 3 | I97: 1 | J97: xanh lá | K97: HNB011
A98: MX_LVL-05 | B98: A | C98: AA89 · 12FO → Đào Sư Tích | D98: 4 | E98: 1 | F98: nâu | G98: AD103 · HƯỚNG VỀ VNPT LONG THỚI 24FO → CÁP TREO 24FO HƯỚNG VỀ VNPT LONG THỚI | H98: 4 | I98: 1 | J98: nâu | K98: HNB011
A99: MX_LVL-05 | B99: A | C99: AA89 · 12FO → Đào Sư Tích | D99: 5 | E99: 1 | F99: xám | G99: AD103 · HƯỚNG VỀ VNPT LONG THỚI 24FO → CÁP TREO 24FO HƯỚNG VỀ VNPT LONG THỚI | H99: 5 | I99: 1 | J99: xám | K99: HNB055
A100: MX_LVL-05 | B100: A | C100: AA89 · 12FO → Đào Sư Tích | D100: 6 | E100: 1 | F100: trắng | G100: AD103 · HƯỚNG VỀ VNPT LONG THỚI 24FO → CÁP TREO 24FO HƯỚNG VỀ VNPT LONG THỚI | H100: 6 | I100: 1 | J100: trắng | K100: HNB055
A101: MX_LVL-05 | B101: B | C101: AD86 · 12FO → Phạm Hữu Lầu | D101: 7 | E101: 2 | F101: xanh dương | G101: AD103 · HƯỚNG VỀ VNPT LONG THỚI 24FO → CÁP TREO 24FO HƯỚNG VỀ VNPT LONG THỚI | H101: 7 | I101: 2 | J101: xanh dương | K101: LACG43
...

Sheet Core theo trạm
A1: Core đi vào từng trạm theo sơ đồ MX
A2: Gom theo tên trạm ghi trong sơ đồ: măng xông, cáp, nhóm core và nhãn.
A4: Trạm | B4: Măng xông | C4: Nhãn | D4: Cáp | E4: Các core | F4: Số core
A5: HNB005 | B5: MX_HTP-01 | C5: A | D5: CE48 · FOCAL 12FO → Phạm Hũu Lầu | E5: 11, 12 | F5: 2
A6: HNB005 | B6: MX_HTP-01 | C6: A | D6: CE61 · FOCAL 12FO → AGG-NBE22 (SG mới) | E6: 11, 12 | F6: 2
A7: HNB005 | B7: MX_HTP-02 | C7: B | D7: CE68 · FOCAL 12FO → cầu Phú Xuân 2 | E7: 11, 12 | F7: 2
A8: HNB005 | B8: MX_HTP-02 | C8: B | D8: CR81 · Vina-OFC AESS2016 8FO → HNB005 | E8: 1, 2 | F8: 2
A9: HNB005 | B9: MX_LVL-03 | C9: A | D9: AD61 · 12FO → LVL-Ngô Quang Thắm | E9: 5, 6 | F9: 2
A10: HNB005 | B10: MX_LVL-03 | C10: A | D10: AQ61 · POSTEF 9/2019 12FO → Phạm Hữu Lầu | E10: 11, 12 | F10: 2
A11: HNB005 | B11: MX_LVL-04 | C11: A | D11: AD67 · SAMTEL 3/2015 12FO → Đào Sư Tích | E11: 5, 6 | F11: 2
A12: HNB005 | B12: MX_LVL-04 | C12: A | D12: AD80 · 12FO → LVL-Ngô Quang Thắm | E12: 5, 6 | F12: 2
A13: HNB005 | B13: MX_LVL-05 | C13: C | D13: AD86 · 12FO → Phạm Hữu Lầu | E13: 5, 6 | F13: 2
A14: HNB005 | B14: MX_LVL-05 | C14: C | D14: AP86 · 12FO → Ngô Quang Thắm | E14: 11, 12 | F14: 2
A15: HNB005 | B15: MX_NVT_02A | C15: C | D15: AD174 · 12FO → VNPT Long Thới | E15: 11, 12 | F15: 2
A16: HNB005 | B16: MX_NVT_02A | C16: C | D16: AQ174 · 8FO → MX_NVT_02B đối diện | E16: 5, 6 | F16: 2
... A21: HNB011 | B21: MX_LVL-05 | C21: A | D21: AD103 · HƯỚNG VỀ VNPT LONG THỚI 24FO → CÁP TREO 24FO HƯỚNG VỀ VNPT LONG THỚI | E21: 3, 4 | F21: 2
A22: HNB011 | B22: MX_NB-01 | D22: AD109 · HƯỚNG VỀ LÊ VĂN LƯƠNG 24FO → CÁP TREO 24FO HƯỚNG VỀ LÊ VĂN LƯƠNG (MX_LVL-05) | E22: 3, 4 | F22: 2
A23: HNB012 | B23: MX_LVL-05 | C23: A | D23: AA89 · 12FO → Đào Sư Tích | E23: 1, 2 | F23: 2
A24: HNB012 | B24: MX_LVL-05 | C24: A | D24: AD103 · HƯỚNG VỀ VNPT LONG THỚI 24FO → CÁP TREO 24FO HƯỚNG VỀ VNPT LONG THỚI | E24: 1, 2 | F24: 2
A25: HNB012 | B25: MX_NB-01 | C25: A | D25: AD109 · HƯỚNG VỀ LÊ VĂN LƯƠNG 24FO → CÁP TREO 24FO HƯỚNG VỀ LÊ VĂN LƯƠNG (MX_LVL-05) | E25: 1, 2 | F25: 2
A26: HNB012 | B26: MX_NB-01 | C26: A | D26: AJ126 · HƯỚNG VỀ VNPT LONG THỚI VÀO ODF-01 24FO → CÁP TREO 24FO HƯỚNG VỀ VNPT LONG THỚI VÀO ODF-01 | E26: 1, 2 | F26: 2
A27: HNB038 | B27: MX_HTP-02 | C27: C | D27: CE81 · FOCAL 12FO → AGG-NBE22 (SG mới) | E27: 9, 10 | F27: 2
A28: HNB038 | B28: MX_HTP-03A | C28: A | D28: CE101 · POSTEF HƯỚNG VỀ TÒA NHÀ 24FO → CÁP TREO 24FO POSTEF HƯỚNG VỀ TÒA NHÀ (ODF-01) (cs 1570) | E28: 9, 10 | F28: 2
A29: HNB038 | B29: MX_HTP-03A | C29: A | D29: CE88 · FOCAL 12FO → cầu Phú Xuân 2 | E29: 9, 10 | F29: 2
A30: HNB048 | B30: MX_LVL-05 | C30: D | D30: AD103 · HƯỚNG VỀ VNPT LONG THỚI 24FO → CÁP TREO 24FO HƯỚNG VỀ VNPT LONG THỚI | E30: 21, 22 | F30: 2
A31: HNB048 | B31: MX_LVL-05 | C31: D | D31: AP86 · 12FO → Ngô Quang Thắm | E31: 3, 4 | F31: 2
A32: HNB048 | B32: MX_NB-01 | C32: B | D32: AD109 · HƯỚNG VỀ LÊ VĂN LƯƠNG 24FO → CÁP TREO 24FO HƯỚNG VỀ LÊ VĂN LƯƠNG (MX_LVL-05) | E32: 21, 22 | F32: 2
A33: HNB048 | B33: MX_NB-01 | C33: B | D33: BD112 · HƯỚNG VỀ HUỲNH TẤN PHÁT 12FO → CÁP TREO 12FO HƯỚNG VỀ HUỲNH TẤN PHÁT (MX_NB-02) | E33: 3, 4 | F33: 2
A34: HNB055 | B34: MX_LVL-01 | C34: B | D34: AA8 · FOCAL 2020 12FO → Đào Sư Tích | E34: 5, 6 | F34: 2
... A96: LACG43 | B96: MX_LVL-05 | C96: B | D96: AD86 · 12FO → Phạm Hữu Lầu | E96: 7, 8 | F96: 2
A97: LACG43 | B97: MX_NB-01 | D97: AD109 · HƯỚNG VỀ LÊ VĂN LƯƠNG 24FO → CÁP TREO 24FO HƯỚNG VỀ LÊ VĂN LƯƠNG (MX_LVL-05) | E97: 7, 8 | F97: 2
A98: TTC | B98: MX_NB-01 | D98: BD112 · HƯỚNG VỀ HUỲNH TẤN PHÁT 12FO → CÁP TREO 12FO HƯỚNG VỀ HUỲNH TẤN PHÁT (MX_NB-02) | E98: 9, 10 | F98: 2

Sheet Cáp tại MX
A1: Cáp (đầu cáp) tại từng măng xông
A2: Ô gốc = vị trí ô trong sơ đồ MX. Số core vẽ / có nhãn tính từ sheet "Core MX".
A4: Măng xông | B4: Ô gốc | C4: Mã cáp | D4: Loại | E4: Số FO | F4: Chỉ số mét | G4: Hướng | H4: Số core vẽ | I4: Số core có nhãn | J4: Tiêu đề gốc
A5: MX_PHẠM HÙNG | B5: K4 | E5: 8 | G5: HNB014 | H5: =COUNTIFS('Core MX'!B:B,"MX_PHẠM HÙNG|K4") | I5: =COUNTIFS('Core MX'!B:B,"MX_PHẠM HÙNG|K4",'Core MX'!F:F,"?*") | J5: CÁP 8FO (cs ) | Hướng vào trạm HNB014
A6: MX_PHẠM HÙNG | B6: C17 | D6: treo | E6: 6 | G6: HNB113 | H6: =COUNTIFS('Core MX'!B:B,"MX_PHẠM HÙNG|C17") | I6: =COUNTIFS('Core MX'!B:B,"MX_PHẠM HÙNG|C17",'Core MX'!F:F,"?*") | J6: CÁP TREO 6FO (chỉ số ) | To: HNB113
A7: MX_PHẠM HÙNG | B7: K17 | C7: Focal 6/2007 | E7: 8 | G7: HNB012 | H7: =COUNTIFS('Core MX'!B:B,"MX_PHẠM HÙNG|K17") | I7: =COUNTIFS('Core MX'!B:B,"MX_PHẠM HÙNG|K17",'Core MX'!F:F,"?*") | J7: CÁP Focal 6/2007 8FO (cs ) | Hướng vào trạm HNB012
A8: MX_LVL-01 | B8: AD5 | C8: FOCAL 6/2007 | E8: 12 | F8: 5405 | G8: HNB075 | H8: =COUNTIFS('Core MX'!B:B,"MX_LVL-01|AD5") | I8: =COUNTIFS('Core MX'!B:B,"MX_LVL-01|AD5",'Core MX'!F:F,"?*") | J8: CÁP FOCAL 6/2007 12FO (cs 5405 ) | Hướng vào trạm HNB075
A9: MX_LVL-01 | B9: AM5 | C9: VINA 2018 AESS | E9: 12 | F9: 120 | G9: HNB011 | H9: =COUNTIFS('Core MX'!B:B,"MX_LVL-01|AM5") | I9: =COUNTIFS('Core MX'!B:B,"MX_LVL-01|AM5",'Core MX'!F:F,"?*") | J9: CÁP VINA 2018 AESS 12FO (cs 0120 ) | Hướng vào trạm HNB011
A10: MX_LVL-01 | B10: AA8 | C10: FOCAL 2020 | D10: treo | E10: 12 | F10: 3972 | G10: Đào Sư Tích | H10: =COUNTIFS('Core MX'!B:B,"MX_LVL-01|AA8") | I10: =COUNTIFS('Core MX'!B:B,"MX_LVL-01|AA8",'Core MX'!F:F,"?*") | J10: CÁP TREO FOCAL 2020 | 12FO (chỉ số 3972) | Cáp Trục hướng về Đào Sư Tích
A11: MX_LVL-01 | B11: AD22 | C11: FOCAL 2013 | D11: treo | E11: 12 | F11: 4576 | G11: LVL-Ngô Quang Thắm | H11: =COUNTIFS('Core MX'!B:B,"MX_LVL-01|AD22") | I11: =COUNTIFS('Core MX'!B:B,"MX_LVL-01|AD22",'Core MX'!F:F,"?*") | J11: CÁP TREO FOCAL 2013 12FO (chỉ số 4576 ) | Cáp Trục hướng về LVL-Ngô Quang Thắm
A12: MX_DST | B12: C23 | E12: 2 | G12: bến đò băng sông | H12: =COUNTIFS('Core MX'!B:B,"MX_DST|C23") | I12: =COUNTIFS('Core MX'!B:B,"MX_DST|C23",'Core MX'!F:F,"?*") | J12: CÁP 2FO (cs ) | Hướng bến đò băng sông
A13: MX_DST | B13: L23 | D13: treo | E13: 12 | G13: LVL(MX_LVL_01) | H13: =COUNTIFS('Core MX'!B:B,"MX_DST|L23") | I13: =COUNTIFS('Core MX'!B:B,"MX_DST|L23",'Core MX'!F:F,"?*") | J13: CÁP TREO 12FO (chỉ số ) | Cáp Trục hướng về LVL(MX_LVL_01)
A14: MX_DST | B14: L36 | D14: treo | E14: 12 | G14: Long Thới (MX_LVL_05) | H14: =COUNTIFS('Core MX'!B:B,"MX_DST|L36") | I14: =COUNTIFS('Core MX'!B:B,"MX_DST|L36",'Core MX'!F:F,"?*") | J14: CÁP TREO 12FO (chỉ số ) | Cáp Trục hướng về Long Thới (MX_LVL_05)
A15: MX_LVL-02 | B15: AD28 | C15: FOCAL 2013 | D15: treo | E15: 12 | F15: 4058 | G15: Đào Sư Tích | H15: =COUNTIFS('Core MX'!B:B,"MX_LVL-02|AD28") | I15: =COUNTIFS('Core MX'!B:B,"MX_LVL-02|AD28",'Core MX'!F:F,"?*") | J15: CÁP TREO FOCAL 2013 12FO (chỉ số 4058 ) | Cáp Trục hướng về Đào Sư Tích
A16: MX_LVL-02 | B16: AQ28 | C16: POSTEF 6/2019 | E16: 8 | F16: 1068 | G16: HNB055 | H16: =COUNTIFS('Core MX'!B:B,"MX_LVL-02|AQ28") | I16: =COUNTIFS('Core MX'!B:B,"MX_LVL-02|AQ28",'Core MX'!F:F,"?*") | J16: CÁP POSTEF 6/2019 8FO (cs 1068 ) | Hướng vào trạm HNB055
A17: MX_LVL-02 | B17: AA31 | H17: =COUNTIFS('Core MX'!B:B,"MX_LVL-02|AA31") | I17: =COUNTIFS('Core MX'!B:B,"MX_LVL-02|AA31",'Core MX'!F:F,"?*")
A18: MX_LVL-02 | B18: AD41 | C18: SACOM 1/2015 | D18: treo | E18: 12 | F18: 2854 | G18: LVL-Ngô Quang Thắm | H18: =COUNTIFS('Core MX'!B:B,"MX_LVL-02|AD41") | I18: =COUNTIFS('Core MX'!B:B,"MX_LVL-02|AD41",'Core MX'!F:F,"?*") | J18: CÁP TREO SACOM 1/2015 12FO (chỉ số 2854) | Cáp Trục hướng về LVL-Ngô Quang Thắm
A19: MX_LVL-02 | B19: AQ41 | C19: SACOM 3.2016 | E19: 8 | F19: 394 | G19: HNB065 | H19: =COUNTIFS('Core MX'!B:B,"MX_LVL-02|AQ41") | I19: =COUNTIFS('Core MX'!B:B,"MX_LVL-02|AQ41",'Core MX'!F:F,"?*") | J19: CÁP SACOM 3.2016 8FO (cs 0394) | Hướng vào trạm HNB065
A20: MX_LVL-03 | B20: AD48 | C20: VINA-OFC 2016 | D20: treo | E20: 12 | F20: 120 | G20: Đào Sư Tích | H20: =COUNTIFS('Core MX'!B:B,"MX_LVL-03|AD48") | I20: =COUNTIFS('Core MX'!B:B,"MX_LVL-03|AD48",'Core MX'!F:F,"?*") | J20: CÁP TREO VINA-OFC 2016 12FO (chỉ số 0120) | Cáp Trục hướng về Đào Sư Tích
A21: MX_LVL-03 | B21: AQ48 | C21: SACOM 2014 | E21: 12 | F21: 1131 | G21: HNB094 | H21: =COUNTIFS('Core MX'!B:B,"MX_LVL-03|AQ48") | I21: =COUNTIFS('Core MX'!B:B,"MX_LVL-03|AQ48",'Core MX'!F:F,"?*") | J21: CÁP SACOM 2014 12FO (cs 1131 ) | Hướng vào trạm HNB094
A22: MX_LVL-03 | B22: AD61 | D22: treo | E22: 12 | G22: LVL-Ngô Quang Thắm | H22: =COUNTIFS('Core MX'!B:B,"MX_LVL-03|AD61") | I22: =COUNTIFS('Core MX'!B:B,"MX_LVL-03|AD61",'Core MX'!F:F,"?*") | J22: CÁP TREO 12FO (chỉ số ) | Cáp Trục hướng về LVL-Ngô Quang Thắm
A23: MX_LVL-03 | B23: AQ61 | C23: POSTEF 9/2019 | D23: treo | E23: 12 | F23: 44 | G23: Phạm Hữu Lầu | H23: =COUNTIFS('Core MX'!B:B,"MX_LVL-03|AQ61") | I23: =COUNTIFS('Core MX'!B:B,"MX_LVL-03|AQ61",'Core MX'!F:F,"?*") | J23: CÁP TREO POSTEF 9/2019 12FO (chỉ số 0044 ) | Cáp Trục hướng về Phạm Hữu Lầu
A24: MX_HTP-01 | B24: CE48 | C24: FOCAL | D24: treo | E24: 12 | G24: Phạm Hũu Lầu | H24: =COUNTIFS('Core MX'!B:B,"MX_HTP-01|CE48") | I24: =COUNTIFS('Core MX'!B:B,"MX_HTP-01|CE48",'Core MX'!F:F,"?*") | J24: CÁP TREO 12FO FOCAL (chỉ số ) | Cáp Trục hướng về Phạm Hũu Lầu
A25: MX_HTP-01 | B25: CR48 | C25: POSTEF 2016 | D25: tròn | E25: 8 | G25: HNB066 | H25: =COUNTIFS('Core MX'!B:B,"MX_HTP-01|CR48") | I25: =COUNTIFS('Core MX'!B:B,"MX_HTP-01|CR48",'Core MX'!F:F,"?*") | J25: CÁP TRÒN 8FO POSTEF 2016 (cs ) | Hướng vào trạm HNB066
A26: MX_HTP-01 | B26: CE61 | C26: FOCAL | D26: treo | E26: 12 | G26: AGG-NBE22 (SG mới) | H26: =COUNTIFS('Core MX'!B:B,"MX_HTP-01|CE61") | I26: =COUNTIFS('Core MX'!B:B,"MX_HTP-01|CE61",'Core MX'!F:F,"?*") | J26: CÁP TREO 12FO FOCAL (chỉ số ) | Cáp Trục hướng về AGG-NBE22 (SG mới)
A27: MX_LVL-04 | B27: AD67 | C27: SAMTEL 3/2015 | D27: treo | E27: 12 | F27: 7426 | G27: Đào Sư Tích | H27: =COUNTIFS('Core MX'!B:B,"MX_LVL-04|AD67") | I27: =COUNTIFS('Core MX'!B:B,"MX_LVL-04|AD67",'Core MX'!F:F,"?*") | J27: CÁP TREO SAMTEL 12FO 3/2015 (chỉ số 7426) | Cáp Trục hướng về Đào Sư Tích
A28: MX_LVL-04 | B28: AA70 | C28: POSTEF 8/2019 | E28: 6 | G28: HNB018 | H28: =COUNTIFS('Core MX'!B:B,"MX_LVL-04|AA70") | I28: =COUNTIFS('Core MX'!B:B,"MX_LVL-04|AA70",'Core MX'!F:F,"?*") | J28: CÁP POSTEF 8/2019 6FO (cs ) | Hướng vào trạm HNB018
A29: MX_LVL-04 | B29: AR70 | H29: =COUNTIFS('Core MX'!B:B,"MX_LVL-04|AR70") | I29: =COUNTIFS('Core MX'!B:B,"MX_LVL-04|AR70",'Core MX'!F:F,"?*")
A30: MX_LVL-04 | B30: AD80 | D30: treo | E30: 12 | G30: LVL-Ngô Quang Thắm | H30: =COUNTIFS('Core MX'!B:B,"MX_LVL-04|AD80") | I30: =COUNTIFS('Core MX'!B:B,"MX_LVL-04|AD80",'Core MX'!F:F,"?*") | J30: CÁP TREO 12FO (chỉ số ) | Cáp Trục hướng về LVL-Ngô Quang Thắm
A31: MX_HTP-02 | B31: CE68 | C31: FOCAL | D31: treo | E31: 12 | G31: cầu Phú Xuân 2 | H31: =COUNTIFS('Core MX'!B:B,"MX_HTP-02|CE68") | I31: =COUNTIFS('Core MX'!B:B,"MX_HTP-02|CE68",'Core MX'!F:F,"?*") | J31: CÁP TREO 12FO FOCAL (chỉ số ) | Cáp Trục hướng về cầu Phú Xuân 2
A32: MX_HTP-02 | B32: CB71 | C32: POSTEF 1/2019 | D32: tròn | E32: 8 | G32: HNB038 | H32: =COUNTIFS('Core MX'!B:B,"MX_HTP-02|CB71") | I32: =COUNTIFS('Core MX'!B:B,"MX_HTP-02|CB71",'Core MX'!F:F,"?*") | J32: CÁP TRÒN 8FO POSTEF 1/2019 (cs ) | Hướng vào trạm HNB038
A33: MX_HTP-02 | B33: CE81 | C33: FOCAL | D33: treo | E33: 12 | G33: AGG-NBE22 (SG mới) | H33: =COUNTIFS('Core MX'!B:B,"MX_HTP-02|CE81") | I33: =COUNTIFS('Core MX'!B:B,"MX_HTP-02|CE81",'Core MX'!F:F,"?*") | J33: CÁP TREO 12FO FOCAL (chỉ số ) | Cáp Trục hướng về AGG-NBE22 (SG mới)
A34: MX_HTP-02 | B34: CR81 | C34: Vina-OFC AESS2016 | D34: treo | E34: 8 | G34: HNB005 | H34: =COUNTIFS('Core MX'!B:B,"MX_HTP-02|CR81") | I34: =COUNTIFS('Core MX'!B:B,"MX_HTP-02|CR81",'Core MX'!F:F,"?*") | J34: CÁP TREO 8FO Vina-OFC AESS2016 (cs ) | Hướng vào trạm HNB005
A35: MX_LVL-05 | B35: AD86 | D35: treo | E35: 12 | G35: Phạm Hữu Lầu | H35: =COUNTIFS('Core MX'!B:B,"MX_LVL-05|AD86") | I35: =COUNTIFS('Core MX'!B:B,"MX_LVL-05|AD86",'Core MX'!F:F,"?*") | J35: CÁP TREO 12FO (chỉ số ) | Cáp Trục LVL hướng về Phạm Hữu Lầu
A36: MX_LVL-05 | B36: AP86 | D36: treo | E36: 12 | G36: Ngô Quang Thắm | H36: =COUNTIFS('Core MX'!B:B,"MX_LVL-05|AP86") | I36: =COUNTIFS('Core MX'!B:B,"MX_LVL-05|AP86",'Core MX'!F:F,"?*") | J36: CÁP TREO 12FO (chỉ số ) | Cáp Trục LVL hướng về Ngô Quang Thắm
A37: MX_LVL-05 | B37: AA89 | D37: treo | E37: 12 | G37: Đào Sư Tích | H37: =COUNTIFS('Core MX'!B:B,"MX_LVL-05|AA89") | I37: =COUNTIFS('Core MX'!B:B,"MX_LVL-05|AA89",'Core MX'!F:F,"?*") | J37: CÁP TREO 12FO (chỉ số ) | Cáp Trục Nguyễn Bình hướng về Đào Sư Tích
A38: MX_LVL-05 | B38: AD103 | C38: HƯỚNG VỀ VNPT LONG THỚI | D38: treo | E38: 24 | H38: =COUNTIFS('Core MX'!B:B,"MX_LVL-05|AD103") | I38: =COUNTIFS('Core MX'!B:B,"MX_LVL-05|AD103",'Core MX'!F:F,"?*") | J38: CÁP TREO 24FO HƯỚNG VỀ VNPT LONG THỚI
A39: MX_HTP-03A | B39: CE88 | C39: FOCAL | D39: treo | E39: 12 | F39: 4000 | G39: cầu Phú Xuân 2 | H39: =COUNTIFS('Core MX'!B:B,"MX_HTP-03A|CE88") | I39: =COUNTIFS('Core MX'!B:B,"MX_HTP-03A|CE88",'Core MX'!F:F,"?*") | J39: CÁP TREO 12FO FOCAL (chỉ số 4000) | Cáp Trục hướng về cầu Phú Xuân 2
A40: MX_HTP-03A | B40: CU88 | C40: POSTEF 2017 | D40: treo | E40: 8 | F40: 860 | G40: HNB013 | H40: =COUNTIFS('Core MX'!B:B,"MX_HTP-03A|CU88") | I40: =COUNTIFS('Core MX'!B:B,"MX_HTP-03A|CU88",'Core MX'!F:F,"?*") | J40: CÁP TREO 8FO POSTEF 2017 (cs 860) | Hướng vào trạm HNB013
A41: MX_HTP-03A | B41: CE101 | C41: POSTEF HƯỚNG VỀ TÒA NHÀ | D41: treo | E41: 24 | F41: 1570 | H41: =COUNTIFS('Core MX'!B:B,"MX_HTP-03A|CE101") | I41: =COUNTIFS('Core MX'!B:B,"MX_HTP-03A|CE101",'Core MX'!F:F,"?*") | J41: CÁP TREO 24FO POSTEF HƯỚNG VỀ TÒA NHÀ (ODF-01) (cs 1570)
A42: MX_NB-01 | B42: AD109 | C42: HƯỚNG VỀ LÊ VĂN LƯƠNG | D42: treo | E42: 24 | H42: =COUNTIFS('Core MX'!B:B,"MX_NB-01|AD109") | I42: =COUNTIFS('Core MX'!B:B,"MX_NB-01|AD109",'Core MX'!F:F,"?*") | J42: CÁP TREO 24FO HƯỚNG VỀ LÊ VĂN LƯƠNG (MX_LVL-05)
A43: MX_NB-01 | B43: BD112 | C43: HƯỚNG VỀ HUỲNH TẤN PHÁT | D43: treo | E43: 12 | H43: =COUNTIFS('Core MX'!B:B,"MX_NB-01|BD112") | I43: =COUNTIFS('Core MX'!B:B,"MX_NB-01|BD112",'Core MX'!F:F,"?*") | J43: CÁP TREO 12FO HƯỚNG VỀ HUỲNH TẤN PHÁT (MX_NB-02)
A44: MX_NB-01 | B44: AJ126 | C44: HƯỚNG VỀ VNPT LONG THỚI VÀO ODF-01 | D44: treo | E44: 24 | H44: =COUNTIFS('Core MX'!B:B,"MX_NB-01|AJ126") | I44: =COUNTIFS('Core MX'!B:B,"MX_NB-01|AJ126",'Core MX'!F:F,"?*") | J44: CÁP TREO 24FO HƯỚNG VỀ VNPT LONG THỚI VÀO ODF-01
A45: MX_NB-02 | B45: BI109 | D45: treo | E45: 12 | G45: VNPT Long Thới (MX_NB-01) | H45: =COUNTIFS('Core MX'!B:B,"MX_NB-02|BI109") | I45: =COUNTIFS('Core MX'!B:B,"MX_NB-02|BI109",'Core MX'!F:F,"?*") | J45: CÁP TREO 12FO (chỉ số ) | Cáp Trục hướng về VNPT Long Thới (MX_NB-01)
A46: MX_NB-02 | B46: BV109 | E46: 8 | G46: HNB086 | H46: =COUNTIFS('Core MX'!B:B,"MX_NB-02|BV109") | I46: =COUNTIFS('Core MX'!B:B,"MX_NB-02|BV109",'Core MX'!F:F,"?*") | J46: CÁP 8FO (cs ) | Hướng vào trạm HNB086
A47: MX_NB-02 | B47: BI122 | D47: treo | E47: 12 | G47: SG Mới (MX_NB-03) | H47: =COUNTIFS('Core MX'!B:B,"MX_NB-02|BI122") | I47: =COUNTIFS('Core MX'!B:B,"MX_NB-02|BI122",'Core MX'!F:F,"?*") | J47: CÁP TREO 12FO (chỉ số ) | Cáp Trục hướng về SG Mới (MX_NB-03)
A48: MX_HTP-03B | B48: CE109 | C48: POSTEF HƯỚNG VỀ TÒA NHÀ | D48: treo | E48: 24 | F48: 1550 | H48: =COUNTIFS('Core MX'!B:B,"MX_HTP-03B|CE109") | I48: =COUNTIFS('Core MX'!B:B,"MX_HTP-03B|CE109",'Core MX'!F:F,"?*") | J48: CÁP TREO 24FO POSTEF HƯỚNG VỀ TÒA NHÀ (ODF-02) (cs 1550)
A49: MX_HTP-03B | B49: CE122 | C49: (chỉ số | D49: treo | E49: 12 | G49: Nguyển Bình (MX_NB-04) | H49: =COUNTIFS('Core MX'!B:B,"MX_HTP-03B|CE122") | I49: =COUNTIFS('Core MX'!B:B,"MX_HTP-03B|CE122",'Core MX'!F:F,"?*") | J49: CÁP TREO 12FO (chỉ số | Cáp Trục hướng về Nguyển Bình (MX_NB-04)
A50: MX_NB-03 | B50: BI129 | D50: treo | E50: 12 | G50: VNPT Long Thới (MX_NB-02) | H50: =COUNTIFS('Core MX'!B:B,"MX_NB-03|BI129") | I50: =COUNTIFS('Core MX'!B:B,"MX_NB-03|BI129",'Core MX'!F:F,"?*") | J50: CÁP TREO 12FO (chỉ số ) | Cáp Trục hướng về VNPT Long Thới (MX_NB-02)
A51: MX_NB-03 | B51: BI142 | D51: treo | E51: 12 | G51: SG Mới (MX_NB-04) | H51: =COUNTIFS('Core MX'!B:B,"MX_NB-03|BI142") | I51: =COUNTIFS('Core MX'!B:B,"MX_NB-03|BI142",'Core MX'!F:F,"?*") | J51: CÁP TREO 12FO (chỉ số ) | Cáp Trục hướng về SG Mới (MX_NB-04)
A52: MX_NB-03 | B52: BV142 | E52: 8 | G52: HNB027 | H52: =COUNTIFS('Core MX'!B:B,"MX_NB-03|BV142") | I52: =COUNTIFS('Core MX'!B:B,"MX_NB-03|BV142",'Core MX'!F:F,"?*") | J52: CÁP 8FO (cs ) | Hướng vào trạm HNB027
A53: MX_NB-04 | B53: CE129 | D53: treo | E53: 12 | G53: SG Mới (MX_HTP-03B) | H53: =COUNTIFS('Core MX'!B:B,"MX_NB-04|CE129") | I53: =COUNTIFS('Core MX'!B:B,"MX_NB-04|CE129",'Core MX'!F:F,"?*") | J53: CÁP TREO 12FO (chỉ số ) | Cáp Trục hướng về SG Mới (MX_HTP-03B)
A54: MX_NB-04 | B54: CR129 | E54: 8 | G54: HNB020 | H54: =COUNTIFS('Core MX'!B:B,"MX_NB-04|CR129") | I54: =COUNTIFS('Core MX'!B:B,"MX_NB-04|CR129",'Core MX'!F:F,"?*") | J54: CÁP 8FO (cs ) | Hướng vào trạm HNB020
A55: MX_NB-04 | B55: CE142 | D55: treo | E55: 12 | G55: VNPT Long Thới (MX_NB-03) | H55: =COUNTIFS('Core MX'!B:B,"MX_NB-04|CE142") | I55: =COUNTIFS('Core MX'!B:B,"MX_NB-04|CE142",'Core MX'!F:F,"?*") | J55: CÁP TREO 12FO (chỉ số ) | Cáp Trục hướng về VNPT Long Thới (MX_NB-03)
A56: MX_NB-04 | B56: CR142 | E56: 8 | G56: HNB031 | H56: =COUNTIFS('Core MX'!B:B,"MX_NB-04|CR142") | I56: =COUNTIFS('Core MX'!B:B,"MX_NB-04|CR142",'Core MX'!F:F,"?*") | J56: CÁP 8FO (cs ) | Hướng vào trạm HNB031
A57: MX_HTP-03B (2) | B57: AD134 | C57: POSTEF HƯỚNG VỀ TÒA NHÀ | D57: treo | E57: 24 | F57: 1550 | H57: =COUNTIFS('Core MX'!B:B,"MX_HTP-03B (2)|AD134") | I57: =COUNTIFS('Core MX'!B:B,"MX_HTP-03B (2)|AD134",'Core MX'!F:F,"?*") | J57: CÁP TREO 24FO POSTEF HƯỚNG VỀ TÒA NHÀ (ODF-02) (cs 1550)
A58: MX_HTP-03B (2) | B58: AD147 | C58: (chỉ số | D58: treo | E58: 12 | G58: Nguyển Bình (MX_NB-04) | H58: =COUNTIFS('Core MX'!B:B,"MX_HTP-03B (2)|AD147") | I58: =COUNTIFS('Core MX'!B:B,"MX_HTP-03B (2)|AD147",'Core MX'!F:F,"?*") | J58: CÁP TREO 12FO (chỉ số | Cáp Trục hướng về Nguyển Bình (MX_NB-04)
A59: MX_NVT_01 | B59: AD154 | D59: treo | E59: 12 | G59: Long Thới | H59: =COUNTIFS('Core MX'!B:B,"MX_NVT_01|AD154") | I59: =COUNTIFS('Core MX'!B:B,"MX_NVT_01|AD154",'Core MX'!F:F,"?*") | J59: CÁP TREO 12FO (chỉ số ) | Cáp Trục hướng về Long Thới
A60: MX_NVT_01 | B60: AQ154 | E60: 12 | G60: HNB054 | H60: =COUNTIFS('Core MX'!B:B,"MX_NVT_01|AQ154") | I60: =COUNTIFS('Core MX'!B:B,"MX_NVT_01|AQ154",'Core MX'!F:F,"?*") | J60: CÁP 12FO (cs ) | Hướng vào trạm HNB054
A61: MX_NVT_01 | B61: AD167 | D61: treo | E61: 12 | G61: Ngô Quang Thắm | H61: =COUNTIFS('Core MX'!B:B,"MX_NVT_01|AD167") | I61: =COUNTIFS('Core MX'!B:B,"MX_NVT_01|AD167",'Core MX'!F:F,"?*") | J61: CÁP TREO 12FO (chỉ số ) | Cáp Trục hướng về Ngô Quang Thắm
A62: MX_NVT_02B | B62: H174 | D62: treo | E62: 12 | G62: Ngô Quang Thắm | H62: =COUNTIFS('Core MX'!B:B,"MX_NVT_02B|H174") | I62: =COUNTIFS('Core MX'!B:B,"MX_NVT_02B|H174",'Core MX'!F:F,"?*") | J62: CÁP TREO 12FO (chỉ số ) | Cáp Trục hướng về Ngô Quang Thắm
A63: MX_NVT_02B | B63: U174 | E63: 8 | G63: MX_NVT_02A đối diện | H63: =COUNTIFS('Core MX'!B:B,"MX_NVT_02B|U174") | I63: =COUNTIFS('Core MX'!B:B,"MX_NVT_02B|U174",'Core MX'!F:F,"?*") | J63: CÁP 8FO (cs ) | Hướng qua MX_NVT_02A đối diện
A64: MX_NVT_02B | B64: H187 | D64: treo | E64: 12 | G64: Nguyễn Văn Tạo | H64: =COUNTIFS('Core MX'!B:B,"MX_NVT_02B|H187") | I64: =COUNTIFS('Core MX'!B:B,"MX_NVT_02B|H187",'Core MX'!F:F,"?*") | J64: CÁP TREO 12FO (chỉ số ) | Cáp Trục hướng về Nguyễn Văn Tạo
A65: MX_NVT_02A | B65: AD174 | D65: treo | E65: 12 | G65: VNPT Long Thới | H65: =COUNTIFS('Core MX'!B:B,"MX_NVT_02A|AD174") | I65: =COUNTIFS('Core MX'!B:B,"MX_NVT_02A|AD174",'Core MX'!F:F,"?*") | J65: CÁP TREO 12FO (chỉ số ) | Cáp Trục hướng về VNPT Long Thới
A66: MX_NVT_02A | B66: AQ174 | E66: 8 | G66: MX_NVT_02B đối diện | H66: =COUNTIFS('Core MX'!B:B,"MX_NVT_02A|AQ174") | I66: =COUNTIFS('Core MX'!B:B,"MX_NVT_02A|AQ174",'Core MX'!F:F,"?*") | J66: CÁP 8FO (cs ) | Hướng qua MX_NVT_02B đối diện
A67: MX_NVT_02A | B67: AD187 | D67: treo | E67: 12 | G67: trạm Cần Giờ | H67: =COUNTIFS('Core MX'!B:B,"MX_NVT_02A|AD187") | I67: =COUNTIFS('Core MX'!B:B,"MX_NVT_02A|AD187",'Core MX'!F:F,"?*") | J67: CÁP TREO 12FO (chỉ số ) | Cáp Trục hướng về trạm Cần Giờ
A68: MX_NVT_02A | B68: AQ187 | E68: 12 | G68: HNB006 | H68: =COUNTIFS('Core MX'!B:B,"MX_NVT_02A|AQ187") | I68: =COUNTIFS('Core MX'!B:B,"MX_NVT_02A|AQ187",'Core MX'!F:F,"?*") | J68: CÁP 12FO (cs ) | Hướng vào trạm HNB006
A69: MX_NVT_03B | B69: H193 | D69: treo | E69: 12 | G69: Ngô Quang Thắm | H69: =COUNTIFS('Core MX'!B:B,"MX_NVT_03B|H193") | I69: =COUNTIFS('Core MX'!B:B,"MX_NVT_03B|H193",'Core MX'!F:F,"?*") | J69: CÁP TREO 12FO (chỉ số ) | Cáp Trục hướng về Ngô Quang Thắm
A70: MX_NVT_03B | B70: H206 | E70: 12 | G70: HNB006 | H70: =COUNTIFS('Core MX'!B:B,"MX_NVT_03B|H206") | I70: =COUNTIFS('Core MX'!B:B,"MX_NVT_03B|H206",'Core MX'!F:F,"?*") | J70: CÁP 12FO (cs ) | Hướng vào trạm HNB006
A71: MX_NVT_03B | B71: Q206 | E71: 12 | G71: HNB006 | H71: =COUNTIFS('Core MX'!B:B,"MX_NVT_03B|Q206") | I71: =COUNTIFS('Core MX'!B:B,"MX_NVT_03B|Q206",'Core MX'!F:F,"?*") | J71: CÁP 12FO (cs ) | Hướng vào trạm HNB006
A72: MX_NVT_03A | B72: AD193 | D72: treo | E72: 12 | G72: VNPT Long Thới | H72: =COUNTIFS('Core MX'!B:B,"MX_NVT_03A|AD193") | I72: =COUNTIFS('Core MX'!B:B,"MX_NVT_03A|AD193",'Core MX'!F:F,"?*") | J72: CÁP TREO 12FO (chỉ số ) | Cáp Trục hướng về VNPT Long Thới
A73: MX_NVT_03A | B73: AD206 | E73: 12 | G73: HNB006 | H73: =COUNTIFS('Core MX'!B:B,"MX_NVT_03A|AD206") | I73: =COUNTIFS('Core MX'!B:B,"MX_NVT_03A|AD206",'Core MX'!F:F,"?*") | J73: CÁP 12FO (cs ) | Hướng vào trạm HNB006
A74: MX_NVT_03A | B74: AM206 | E74: 12 | G74: HNB006 | H74: =COUNTIFS('Core MX'!B:B,"MX_NVT_03A|AM206") | I74: =COUNTIFS('Core MX'!B:B,"MX_NVT_03A|AM206",'Core MX'!F:F,"?*") | J74: CÁP 12FO (cs ) | Hướng vào trạm HNB006

Sheet Core MX
A1: Từng core của từng đầu cáp tại măng xông
A2: Nhãn trống = chưa ghi (dự phòng/chưa phối).
A4: Măng xông | B4: Mã đầu cáp | C4: Core | D4: Ống | E4: Màu sợi | F4: Nhãn | G4: Trạm
A5: MX_PHẠM HÙNG | B5: MX_PHẠM HÙNG|K4 | C5: 1 | D5: 1 | E5: xanh dương | F5: A
A6: MX_PHẠM HÙNG | B6: MX_PHẠM HÙNG|K4 | C6: 2 | D6: 1 | E6: cam | F6: A
A7: MX_PHẠM HÙNG | B7: MX_PHẠM HÙNG|K4 | C7: 3 | D7: 1 | E7: xanh lá | F7: A
A8: MX_PHẠM HÙNG | B8: MX_PHẠM HÙNG|K4 | C8: 4 | D8: 1 | E8: nâu | F8: A
A9: MX_PHẠM HÙNG | B9: MX_PHẠM HÙNG|K4 | C9: 5 | D9: 1 | E9: xám | F9: B
A10: MX_PHẠM HÙNG | B10: MX_PHẠM HÙNG|K4 | C10: 6 | D10: 1 | E10: trắng | F10: B
A11: MX_PHẠM HÙNG | B11: MX_PHẠM HÙNG|K4 | C11: 7 | D11: 2 | E11: xanh dương | F11: B
A12: MX_PHẠM HÙNG | B12: MX_PHẠM HÙNG|K4 | C12: 8 | D12: 2 | E12: cam | F12: B
A13: MX_PHẠM HÙNG | B13: MX_PHẠM HÙNG|C17 | C13: 1 | D13: 1 | E13: xanh dương | F13: B
A14: MX_PHẠM HÙNG | B14: MX_PHẠM HÙNG|C17 | C14: 2 | D14: 1 | E14: cam | F14: B
A15: MX_PHẠM HÙNG | B15: MX_PHẠM HÙNG|C17 | C15: 3 | D15: 1 | E15: xanh lá | F15: B
A16: MX_PHẠM HÙNG | B16: MX_PHẠM HÙNG|C17 | C16: 4 | D16: 1 | E16: nâu | F16: B
A17: MX_PHẠM HÙNG | B17: MX_PHẠM HÙNG|C17 | C17: 5 | D17: 1 | E17: xám
A18: MX_PHẠM HÙNG | B18: MX_PHẠM HÙNG|C17 | C18: 6 | D18: 1 | E18: trắng
A19: MX_PHẠM HÙNG | B19: MX_PHẠM HÙNG|K17 | C19: 1 | D19: 1 | E19: xanh dương | F19: A
A20: MX_PHẠM HÙNG | B20: MX_PHẠM HÙNG|K17 | C20: 2 | D20: 1 | E20: cam | F20: A
A21: MX_PHẠM HÙNG | B21: MX_PHẠM HÙNG|K17 | C21: 3 | D21: 1 | E21: xanh lá | F21: A
A22: MX_PHẠM HÙNG | B22: MX_PHẠM HÙNG|K17 | C22: 4 | D22: 1 | E22: nâu | F22: A
A23: MX_PHẠM HÙNG | B23: MX_PHẠM HÙNG|K17 | C23: 5 | D23: 1 | E23: xám
A24: MX_PHẠM HÙNG | B24: MX_PHẠM HÙNG|K17 | C24: 6 | D24: 1 | E24: trắng
A25: MX_PHẠM HÙNG | B25: MX_PHẠM HÙNG|K17 | C25: 7 | D25: 2 | E25: xanh dương
A26: MX_PHẠM HÙNG | B26: MX_PHẠM HÙNG|K17 | C26: 8 | D26: 2 | E26: cam
A27: MX_LVL-01 | B27: MX_LVL-01|AD5 | C27: 1 | D27: 1 | E27: xanh dương | F27: C | G27: HNB075
A28: MX_LVL-01 | B28: MX_LVL-01|AD5 | C28: 2 | D28: 1 | E28: cam | F28: C | G28: HNB075
A29: MX_LVL-01 | B29: MX_LVL-01|AD5 | C29: 3 | D29: 1 | E29: xanh lá | F29: D
A30: MX_LVL-01 | B30: MX_LVL-01|AD5 | C30: 4 | D30: 1 | E30: nâu | F30: D
A31: MX_LVL-01 | B31: MX_LVL-01|AD5 | C31: 5 | D31: 1 | E31: xám | F31: D
A32: MX_LVL-01 | B32: MX_LVL-01|AD5 | C32: 6 | D32: 1 | E32: trắng | F32: D
A33: MX_LVL-01 | B33: MX_LVL-01|AD5 | C33: 7 | D33: 2 | E33: xanh dương | F33: E
A34: MX_LVL-01 | B34: MX_LVL-01|AD5 | C34: 8 | D34: 2 | E34: cam | F34: E
A35: MX_LVL-01 | B35: MX_LVL-01|AM5 | C35: 1 | D35: 1 | E35: xanh dương | F35: A
A36: MX_LVL-01 | B36: MX_LVL-01|AM5 | C36: 2 | D36: 1 | E36: cam | F36: A
A37: MX_LVL-01 | B37: MX_LVL-01|AM5 | C37: 3 | D37: 1 | E37: xanh lá
A38: MX_LVL-01 | B38: MX_LVL-01|AM5 | C38: 4 | D38: 1 | E38: nâu
A39: MX_LVL-01 | B39: MX_LVL-01|AM5 | C39: 5 | D39: 1 | E39: xám
A40: MX_LVL-01 | B40: MX_LVL-01|AM5 | C40: 6 | D40: 1 | E40: trắng
A41: MX_LVL-01 | B41: MX_LVL-01|AM5 | C41: 7 | D41: 2 | E41: xanh dương
A42: MX_LVL-01 | B42: MX_LVL-01|AM5 | C42: 8 | D42: 2 | E42: cam
A43: MX_LVL-01 | B43: MX_LVL-01|AA8 | C43: 1 | D43: 1 | E43: xanh dương
A44: MX_LVL-01 | B44: MX_LVL-01|AA8 | C44: 2 | D44: 1 | E44: cam
A45: MX_LVL-01 | B45: MX_LVL-01|AA8 | C45: 3 | D45: 1 | E45: xanh lá | F45: A | G45: HNB011
A46: MX_LVL-01 | B46: MX_LVL-01|AA8 | C46: 4 | D46: 1 | E46: nâu | F46: A | G46: HNB011
A47: MX_LVL-01 | B47: MX_LVL-01|AA8 | C47: 5 | D47: 1 | E47: xám | F47: B | G47: HNB055
A48: MX_LVL-01 | B48: MX_LVL-01|AA8 | C48: 6 | D48: 1 | E48: trắng | F48: B | G48: HNB055
A49: MX_LVL-01 | B49: MX_LVL-01|AA8 | C49: 7 | D49: 2 | E49: xanh dương | F49: E
A50: MX_LVL-01 | B50: MX_LVL-01|AA8 | C50: 8 | D50: 2 | E50: cam | F50: E
A51: MX_LVL-01 | B51: MX_LVL-01|AA8 | C51: 9 | D51: 2 | E51: xanh lá
A52: MX_LVL-01 | B52: MX_LVL-01|AA8 | C52: 10 | D52: 2 | E52: nâu
A53: MX_LVL-01 | B53: MX_LVL-01|AA8 | C53: 11 | D53: 2 | E53: xám
A54: MX_LVL-01 | B54: MX_LVL-01|AA8 | C54: 12 | D54: 2 | E54: trắng
A55: MX_LVL-01 | B55: MX_LVL-01|AD22 | C55: 1 | D55: 1 | E55: xanh dương | F55: C | G55: HNB075
A56: MX_LVL-01 | B56: MX_LVL-01|AD22 | C56: 2 | D56: 1 | E56: cam | F56: C | G56: HNB075
A57: MX_LVL-01 | B57: MX_LVL-01|AD22 | C57: 3 | D57: 1 | E57: xanh lá
A58: MX_LVL-01 | B58: MX_LVL-01|AD22 | C58: 4 | D58: 1 | E58: nâu
A59: MX_LVL-01 | B59: MX_LVL-01|AD22 | C59: 5 | D59: 1 | E59: xám | F59: B | G59: HNB055
A60: MX_LVL-01 | B60: MX_LVL-01|AD22 | C60: 6 | D60: 1 | E60: trắng | F60: B | G60: HNB055
A61: MX_LVL-01 | B61: MX_LVL-01|AD22 | C61: 7 | D61: 2 | E61: xanh dương | F61: D
A62: MX_LVL-01 | B62: MX_LVL-01|AD22 | C62: 8 | D62: 2 | E62: cam | F62: D
A63: MX_LVL-01 | B63: MX_LVL-01|AD22 | C63: 9 | D63: 2 | E63: xanh lá | F63: D
A64: MX_LVL-01 | B64: MX_LVL-01|AD22 | C64: 10 | D64: 2 | E64: nâu | F64: D
A65: MX_LVL-01 | B65: MX_LVL-01|AD22 | C65: 11 | D65: 2 | E65: xám
A66: MX_LVL-01 | B66: MX_LVL-01|AD22 | C66: 12 | D66: 2 | E66: trắng
A67: MX_DST | B67: MX_DST|C23 | C67: 1 | D67: 1 | E67: xanh dương
A68: MX_DST | B68: MX_DST|C23 | C68: 2 | D68: 1 | E68: cam
A69: MX_DST | B69: MX_DST|C23 | C69: 3 | D69: 1 | E69: xanh lá
A70: MX_DST | B70: MX_DST|C23 | C70: 4 | D70: 1 | E70: nâu
A71: MX_DST | B71: MX_DST|C23 | C71: 5 | D71: 1 | E71: xám
A72: MX_DST | B72: MX_DST|C23 | C72: 6 | D72: 1 | E72: trắng
A73: MX_DST | B73: MX_DST|C23 | C73: 7 | D73: 2 | E73: xanh dương
A74: MX_DST | B74: MX_DST|C23 | C74: 8 | D74: 2 | E74: cam
A75: MX_DST | B75: MX_DST|L23 | C75: 1 | D75: 1 | E75: xanh dương
A76: MX_DST | B76: MX_DST|L23 | C76: 2 | D76: 1 | E76: cam
... A98: MX_DST | B98: MX_DST|L36 | C98: 12 | D98: 2 | E98: trắng
A99: MX_LVL-02 | B99: MX_LVL-02|AD28 | C99: 1 | D99: 1 | E99: xanh dương | F99: A | G99: HNB075
A100: MX_LVL-02 | B100: MX_LVL-02|AD28 | C100: 2 | D100: 1 | E100: cam | F100: A | G100: HNB075
A101: MX_LVL-02 | B101: MX_LVL-02|AD28 | C101: 3 | D101: 1 | E101: xanh lá
A102: MX_LVL-02 | B102: MX_LVL-02|AD28 | C102: 4 | D102: 1 | E102: nâu
A103: MX_LVL-02 | B103: MX_LVL-02|AD28 | C103: 5 | D103: 1 | E103: xám | F103: B | G103: HNB055
A104: MX_LVL-02 | B104: MX_LVL-02|AD28 | C104: 6 | D104: 1 | E104: trắng | F104: B | G104: HNB055
A105: MX_LVL-02 | B105: MX_LVL-02|AD28 | C105: 7 | D105: 2 | E105: xanh dương | F105: A
A106: MX_LVL-02 | B106: MX_LVL-02|AD28 | C106: 8 | D106: 2 | E106: cam | F106: A
A107: MX_LVL-02 | B107: MX_LVL-02|AD28 | C107: 9 | D107: 2 | E107: xanh lá | F107: A
A108: MX_LVL-02 | B108: MX_LVL-02|AD28 | C108: 10 | D108: 2 | E108: nâu | F108: A
A109: MX_LVL-02 | B109: MX_LVL-02|AD28 | C109: 11 | D109: 2 | E109: xám | F109: A
A110: MX_LVL-02 | B110: MX_LVL-02|AD28 | C110: 12 | D110: 2 | E110: trắng | F110: A
A111: MX_LVL-02 | B111: MX_LVL-02|AQ28 | C111: 1 | D111: 1 | E111: xanh dương | F111: B
A112: MX_LVL-02 | B112: MX_LVL-02|AQ28 | C112: 2 | D112: 1 | E112: cam | F112: B
A113: MX_LVL-02 | B113: MX_LVL-02|AQ28 | C113: 3 | D113: 1 | E113: xanh lá
A114: MX_LVL-02 | B114: MX_LVL-02|AQ28 | C114: 4 | D114: 1 | E114: nâu
A115: MX_LVL-02 | B115: MX_LVL-02|AQ28 | C115: 5 | D115: 1 | E115: xám
A116: MX_LVL-02 | B116: MX_LVL-02|AQ28 | C116: 6 | D116: 1 | E116: trắng
A117: MX_LVL-02 | B117: MX_LVL-02|AQ28 | C117: 7 | D117: 2 | E117: xanh dương
A118: MX_LVL-02 | B118: MX_LVL-02|AQ28 | C118: 8 | D118: 2 | E118: cam
A119: MX_LVL-02 | B119: MX_LVL-02|AA31 | C119: 1 | D119: 1 | E119: xanh dương | F119: D
A120: MX_LVL-02 | B120: MX_LVL-02|AA31 | C120: 2 | D120: 1 | E120: cam | F120: D
A121: MX_LVL-02 | B121: MX_LVL-02|AA31 | C121: 3 | D121: 1 | E121: xanh lá
A122: MX_LVL-02 | B122: MX_LVL-02|AA31 | C122: 4 | D122: 1 | E122: nâu
...

Sheet Cảnh báo phối core
A1: Cảnh báo khi suy bảng phối core từ sơ đồ MX
A3: Măng xông | B3: Nội dung | C3: Xác nhận
A4: MX_DST | B4: C23: chưa ghi nhãn core (chưa có dữ liệu phối)
A5: MX_DST | B5: L23: chưa ghi nhãn core (chưa có dữ liệu phối)
A6: MX_DST | B6: L36: chưa ghi nhãn core (chưa có dữ liệu phối)
A7: MX_LVL-04 | B7: nhãn A: số sợi khác nhau (MX_LVL-04|AD67:10 vs MX_LVL-04|AD80:8)
A8: MX_NB-01 | B8: nhãn A: số sợi khác nhau (MX_NB-01|AD109:12 vs MX_NB-01|AJ126:4)
A9: MX_NB-01 | B9: nhãn C: chỉ có ở một đầu cáp (MX_NB-01|BD112)
A10: MX_NB-02 | B10: BI109: chưa ghi nhãn core (chưa có dữ liệu phối)
A11: MX_NB-02 | B11: BV109: chưa ghi nhãn core (chưa có dữ liệu phối)
A12: MX_NB-02 | B12: BI122: chưa ghi nhãn core (chưa có dữ liệu phối)
A13: MX_HTP-03B | B13: CE109: chưa ghi nhãn core (chưa có dữ liệu phối)
A14: MX_HTP-03B | B14: CE122: chưa ghi nhãn core (chưa có dữ liệu phối)
A15: MX_NB-03 | B15: BI129: chưa ghi nhãn core (chưa có dữ liệu phối)
... A43: ghi chú tay o | B43: noi_dung

Sheet Ring
A1: 8 ring AGG-HCMNBE12 ↔ AGG-HCMNBE22
A2: Tổng km chỉ để tham khảo; quỹ suy hao KHÔNG cộng dồn.
A4: Ring | B4: Chuỗi (từ NBE12 sang NBE22) | C4: Số CSG | D4: Số đoạn ring | E4: Tổng km tính | F4: Đoạn dài nhất (km) | G4: Dư thấp nhất (dB) | H4: Đoạn cảnh báo | I4: Nhánh cụt
A5: R1 | B5: NBE12 ─ HNB059 ─ HNB060 ─ HNB048 ─ NBE22 | C5: 3 | D5: =COUNTIFS('Đoạn & quỹ suy hao'!$B$5:$B$42,A5,'Đoạn & quỹ suy hao'!$E$5:$E$42,"ring") | E5: =SUMIFS('Đoạn & quỹ suy hao'!$K$5:$K$42,'Đoạn & quỹ suy hao'!$B$5:$B$42,A5,'Đoạn & quỹ suy hao'!$E$5:$E$42,"ring") | F5: =_xlfn.MAXIFS('Đoạn & quỹ suy hao'!$K$5:$K$42,'Đoạn & quỹ suy hao'!$B$5:$B$42,A5,'Đoạn & quỹ suy hao'!$E$5:$E$42,"ring") | G5: =_xlfn.MINIFS('Đoạn & quỹ suy hao'!$P$5:$P$42,'Đoạn & quỹ suy hao'!$B$5:$B$42,A5,'Đoạn & quỹ suy hao'!$E$5:$E$42,"ring") | H5: =COUNTIFS('Đoạn & quỹ suy hao'!$B$5:$B$42,A5,'Đoạn & quỹ suy hao'!$R$5:$R$42,"Cảnh báo") | I5: —
A6: R2 | B6: NBE12 ─ HNB054 ─ HNB006 ─ HNB091 ─ NBE22 | C6: 3 | D6: =COUNTIFS('Đoạn & quỹ suy hao'!$B$5:$B$42,A6,'Đoạn & quỹ suy hao'!$E$5:$E$42,"ring") | E6: =SUMIFS('Đoạn & quỹ suy hao'!$K$5:$K$42,'Đoạn & quỹ suy hao'!$B$5:$B$42,A6,'Đoạn & quỹ suy hao'!$E$5:$E$42,"ring") | F6: =_xlfn.MAXIFS('Đoạn & quỹ suy hao'!$K$5:$K$42,'Đoạn & quỹ suy hao'!$B$5:$B$42,A6,'Đoạn & quỹ suy hao'!$E$5:$E$42,"ring") | G6: =_xlfn.MINIFS('Đoạn & quỹ suy hao'!$P$5:$P$42,'Đoạn & quỹ suy hao'!$B$5:$B$42,A6,'Đoạn & quỹ suy hao'!$E$5:$E$42,"ring") | H6: =COUNTIFS('Đoạn & quỹ suy hao'!$B$5:$B$42,A6,'Đoạn & quỹ suy hao'!$R$5:$R$42,"Cảnh báo") | I6: —
A7: R3 | B7: NBE12 ─ HNB055 ─ HNB065 ─ HNB094 ─ NBE22 | C7: 3 | D7: =COUNTIFS('Đoạn & quỹ suy hao'!$B$5:$B$42,A7,'Đoạn & quỹ suy hao'!$E$5:$E$42,"ring") | E7: =SUMIFS('Đoạn & quỹ suy hao'!$K$5:$K$42,'Đoạn & quỹ suy hao'!$B$5:$B$42,A7,'Đoạn & quỹ suy hao'!$E$5:$E$42,"ring") | F7: =_xlfn.MAXIFS('Đoạn & quỹ suy hao'!$K$5:$K$42,'Đoạn & quỹ suy hao'!$B$5:$B$42,A7,'Đoạn & quỹ suy hao'!$E$5:$E$42,"ring") | G7: =_xlfn.MINIFS('Đoạn & quỹ suy hao'!$P$5:$P$42,'Đoạn & quỹ suy hao'!$B$5:$B$42,A7,'Đoạn & quỹ suy hao'!$E$5:$E$42,"ring") | H7: =COUNTIFS('Đoạn & quỹ suy hao'!$B$5:$B$42,A7,'Đoạn & quỹ suy hao'!$R$5:$R$42,"Cảnh báo") | I7: HNB018
A8: R4 | B8: NBE12 ─ HNB011 ─ HNB056 ─ HNB071 ─ HNB073 ─ NBE22 | C8: 4 | D8: =COUNTIFS('Đoạn & quỹ suy hao'!$B$5:$B$42,A8,'Đoạn & quỹ suy hao'!$E$5:$E$42,"ring") | E8: =SUMIFS('Đoạn & quỹ suy hao'!$K$5:$K$42,'Đoạn & quỹ suy hao'!$B$5:$B$42,A8,'Đoạn & quỹ suy hao'!$E$5:$E$42,"ring") | F8: =_xlfn.MAXIFS('Đoạn & quỹ suy hao'!$K$5:$K$42,'Đoạn & quỹ suy hao'!$B$5:$B$42,A8,'Đoạn & quỹ suy hao'!$E$5:$E$42,"ring") | G8: =_xlfn.MINIFS('Đoạn & quỹ suy hao'!$P$5:$P$42,'Đoạn & quỹ suy hao'!$B$5:$B$42,A8,'Đoạn & quỹ suy hao'!$E$5:$E$42,"ring") | H8: =COUNTIFS('Đoạn & quỹ suy hao'!$B$5:$B$42,A8,'Đoạn & quỹ suy hao'!$R$5:$R$42,"Cảnh báo") | I8: —
A9: R5 | B9: NBE12 ─ HNB012 ─ HNB014 ─ HNB075 ─ NBE22 | C9: 3 | D9: =COUNTIFS('Đoạn & quỹ suy hao'!$B$5:$B$42,A9,'Đoạn & quỹ suy hao'!$E$5:$E$42,"ring") | E9: =SUMIFS('Đoạn & quỹ suy hao'!$K$5:$K$42,'Đoạn & quỹ suy hao'!$B$5:$B$42,A9,'Đoạn & quỹ suy hao'!$E$5:$E$42,"ring") | F9: =_xlfn.MAXIFS('Đoạn & quỹ suy hao'!$K$5:$K$42,'Đoạn & quỹ suy hao'!$B$5:$B$42,A9,'Đoạn & quỹ suy hao'!$E$5:$E$42,"ring") | G9: =_xlfn.MINIFS('Đoạn & quỹ suy hao'!$P$5:$P$42,'Đoạn & quỹ suy hao'!$B$5:$B$42,A9,'Đoạn & quỹ suy hao'!$E$5:$E$42,"ring") | H9: =COUNTIFS('Đoạn & quỹ suy hao'!$B$5:$B$42,A9,'Đoạn & quỹ suy hao'!$R$5:$R$42,"Cảnh báo") | I9: HNB113
A10: R6 | B10: NBE12 ─ HNB086 ─ HNB024 ─ HNB027 ─ HNB031 ─ HNB020 ─ NBE22 | C10: 5 | D10: =COUNTIFS('Đoạn & quỹ suy hao'!$B$5:$B$42,A10,'Đoạn & quỹ suy hao'!$E$5:$E$42,"ring") | E10: =SUMIFS('Đoạn & quỹ suy hao'!$K$5:$K$42,'Đoạn & quỹ suy hao'!$B$5:$B$42,A10,'Đoạn & quỹ suy hao'!$E$5:$E$42,"ring") | F10: =_xlfn.MAXIFS('Đoạn & quỹ suy hao'!$K$5:$K$42,'Đoạn & quỹ suy hao'!$B$5:$B$42,A10,'Đoạn & quỹ suy hao'!$E$5:$E$42,"ring") | G10: =_xlfn.MINIFS('Đoạn & quỹ suy hao'!$P$5:$P$42,'Đoạn & quỹ suy hao'!$B$5:$B$42,A10,'Đoạn & quỹ suy hao'!$E$5:$E$42,"ring") | H10: =COUNTIFS('Đoạn & quỹ suy hao'!$B$5:$B$42,A10,'Đoạn & quỹ suy hao'!$R$5:$R$42,"Cảnh báo") | I10: —
A11: R7 | B11: NBE12 ─ HNB005 ─ HNB062 ─ HNB021 ─ HNB013 ─ NBE22 | C11: 4 | D11: =COUNTIFS('Đoạn & quỹ suy hao'!$B$5:$B$42,A11,'Đoạn & quỹ suy hao'!$E$5:$E$42,"ring") | E11: =SUMIFS('Đoạn & quỹ suy hao'!$K$5:$K$42,'Đoạn & quỹ suy hao'!$B$5:$B$42,A11,'Đoạn & quỹ suy hao'!$E$5:$E$42,"ring") | F11: =_xlfn.MAXIFS('Đoạn & quỹ suy hao'!$K$5:$K$42,'Đoạn & quỹ suy hao'!$B$5:$B$42,A11,'Đoạn & quỹ suy hao'!$E$5:$E$42,"ring") | G11: =_xlfn.MINIFS('Đoạn & quỹ suy hao'!$P$5:$P$42,'Đoạn & quỹ suy hao'!$B$5:$B$42,A11,'Đoạn & quỹ suy hao'!$E$5:$E$42,"ring") | H11: =COUNTIFS('Đoạn & quỹ suy hao'!$B$5:$B$42,A11,'Đoạn & quỹ suy hao'!$R$5:$R$42,"Cảnh báo") | I11: —
A12: R8 | B12: NBE12 ─ HNB066 ─ HNB016 ─ HNB038 ─ NBE22 | C12: 3 | D12: =COUNTIFS('Đoạn & quỹ suy hao'!$B$5:$B$42,A12,'Đoạn & quỹ suy hao'!$E$5:$E$42,"ring") | E12: =SUMIFS('Đoạn & quỹ suy hao'!$K$5:$K$42,'Đoạn & quỹ suy hao'!$B$5:$B$42,A12,'Đoạn & quỹ suy hao'!$E$5:$E$42,"ring") | F12: =_xlfn.MAXIFS('Đoạn & quỹ suy hao'!$K$5:$K$42,'Đoạn & quỹ suy hao'!$B$5:$B$42,A12,'Đoạn & quỹ suy hao'!$E$5:$E$42,"ring") | G12: =_xlfn.MINIFS('Đoạn & quỹ suy hao'!$P$5:$P$42,'Đoạn & quỹ suy hao'!$B$5:$B$42,A12,'Đoạn & quỹ suy hao'!$E$5:$E$42,"ring") | H12: =COUNTIFS('Đoạn & quỹ suy hao'!$B$5:$B$42,A12,'Đoạn & quỹ suy hao'!$R$5:$R$42,"Cảnh báo") | I12: —
A15: Sơ đồ (số trên mũi tên = km tính; ■ AGG, ○ CSG)
A16: R1 | B16: ■ NBE12 | C16: ='Đoạn & quỹ suy hao'!K5 | D16: ○ HNB059 | E16: ='Đoạn & quỹ suy hao'!K6 | F16: ○ HNB060 | G16: ='Đoạn & quỹ suy hao'!K7 | H16: ○ HNB048 | I16: ='Đoạn & quỹ suy hao'!K8 | J16: ■ NBE22
C17: lề trái | E17: lề trái | G17: lề phải | I17: lề phải
A18: R2 | B18: ■ NBE12 | C18: ='Đoạn & quỹ suy hao'!K9 | D18: ○ HNB054 | E18: ='Đoạn & quỹ suy hao'!K10 | F18: ○ HNB006 | G18: ='Đoạn & quỹ suy hao'!K11 | H18: ○ HNB091 | I18: ='Đoạn & quỹ suy hao'!K12 | J18: ■ NBE22
C19: lề trái | E19: lề trái | G19: lề trái | I19: lề phải
A20: R3 | B20: ■ NBE12 | C20: ='Đoạn & quỹ suy hao'!K13 | D20: ○ HNB055 | E20: ='Đoạn & quỹ suy hao'!K14 | F20: ○ HNB065 | G20: ='Đoạn & quỹ suy hao'!K15 | H20: ○ HNB094 | I20: ='Đoạn & quỹ suy hao'!K16 | J20: ■ NBE22
A22: R4 | B22: ■ NBE12 | C22: ='Đoạn & quỹ suy hao'!K18 | D22: ○ HNB011 | E22: ='Đoạn & quỹ suy hao'!K19 | F22: ○ HNB056 | G22: ='Đoạn & quỹ suy hao'!K20 | H22: ○ HNB071 | I22: ='Đoạn & quỹ suy hao'!K21 | J22: ○ HNB073 | K22: ='Đoạn & quỹ suy hao'!K22 | L22: ■ NBE22
A24: R5 | B24: ■ NBE12 | C24: ='Đoạn & quỹ suy hao'!K23 | D24: ○ HNB012 | E24: ='Đoạn & quỹ suy hao'!K24 | F24: ○ HNB014 | G24: ='Đoạn & quỹ suy hao'!K25 | H24: ○ HNB075 | I24: ='Đoạn & quỹ suy hao'!K26 | J24: ■ NBE22
A26: R6 | B26: ■ NBE12 | C26: ='Đoạn & quỹ suy hao'!K28 | D26: ○ HNB086 | E26: ='Đoạn & quỹ suy hao'!K29 | F26: ○ HNB024 | G26: ='Đoạn & quỹ suy hao'!K30 | H26: ○ HNB027 | I26: ='Đoạn & quỹ suy hao'!K31 | J26: ○ HNB031 | K26: ='Đoạn & quỹ suy hao'!K32 | L26: ○ HNB020 | M26: ='Đoạn & quỹ suy hao'!K33 | N26: ■ NBE22
K27: lề hai
A28: R7 | B28: ■ NBE12 | C28: ='Đoạn & quỹ suy hao'!K34 | D28: ○ HNB005 | E28: ='Đoạn & quỹ suy hao'!K35 | F28: ○ HNB062 | G28: ='Đoạn & quỹ suy hao'!K36 | H28: ○ HNB021 | I28: ='Đoạn & quỹ suy hao'!K37 | J28: ○ HNB013 | K28: ='Đoạn & quỹ suy hao'!K38 | L28: ■ NBE22
A30: R8 | B30: ■ NBE12 | C30: ='Đoạn & quỹ suy hao'!K39 | D30: ○ HNB066 | E30: ='Đoạn & quỹ suy hao'!K40 | F30: ○ HNB016 | G30: ='Đoạn & quỹ suy hao'!K41 | H30: ○ HNB038 | I30: ='Đoạn & quỹ suy hao'!K42 | J30: ■ NBE22

Sheet Đoạn & quỹ suy hao
A1: Đoạn cáp giữa hai trạm liền kề — quỹ suy hao theo từng đoạn
A2: Ô trắng = dữ liệu từ BBNT/KML; cột công thức tự tính. Đoạn đổi tuyến (HNB066, HNB005): dùng km KML × hệ số dự trữ.
A4: Mã đoạn | B4: Ring | C4: Từ | D4: Đến | E4: Loại | F4: Lề đường | G4: km HĐ (BBNT) | H4: km OTDR (BBNT) | I4: km KML | J4: Đổi tuyến | K4: km tính | L4: dB core #1 | M4: dB core #2 | N4: dB lớn nhất | O4: Ngưỡng (dB) | P4: Dư (dB) | Q4: Chênh core (dB) | R4: Trạng thái | S4: OTDR/KML | T4: HĐ lệch OTDR | U4: Mã BBNT
A5: R1-01 | B5: R1 | C5: NBE12 | D5: HNB059 | E5: ring | F5: trái | G5: 4.446 | H5: 4.675 | I5: 4.334 | K5: =IF(J5="Có",I5*'Tham số'!$B$10,IF(H5="",I5*'Tham số'!$B$10,H5)) | L5: 1.664 | M5: 3.069 | N5: =IF(L5="","",MAX(L5,M5)*IF(J5="Có",K5/H5,1)) | O5: =IF(K5<'Tham số'!$B$7,'Tham số'!$B$4,IF(K5<='Tham số'!$B$8,'Tham số'!$B$5,'Tham số'!$B$6)) | P5: =IF(N5="","",O5-N5) | Q5: =IF(L5="","",ABS(L5-M5)) | R5: =IF(N5="","Chưa đo",IF(AND(N5<=O5,Q5<='Tham số'!$B$9),"Đạt","Cảnh báo")) | S5: =IF(OR(H5="",I5=""),"",H5/I5) | T5: =IF(OR(G5="",H5=""),"",ABS(H5-G5)/G5) | U5: 34
A6: R1-02 | B6: R1 | C6: HNB059 | D6: HNB060 | E6: ring | F6: trái | G6: 2.998 | H6: 3.082 | I6: 2.884 | K6: =IF(J6="Có",I6*'Tham số'!$B$10,IF(H6="",I6*'Tham số'!$B$10,H6)) | L6: 1.024 | M6: 1.024 | N6: =IF(L6="","",MAX(L6,M6)*IF(J6="Có",K6/H6,1)) | O6: =IF(K6<'Tham số'!$B$7,'Tham số'!$B$4,IF(K6<='Tham số'!$B$8,'Tham số'!$B$5,'Tham số'!$B$6)) | P6: =IF(N6="","",O6-N6) | Q6: =IF(L6="","",ABS(L6-M6)) | R6: =IF(N6="","Chưa đo",IF(AND(N6<=O6,Q6<='Tham số'!$B$9),"Đạt","Cảnh báo")) | S6: =IF(OR(H6="",I6=""),"",H6/I6) | T6: =IF(OR(G6="",H6=""),"",ABS(H6-G6)/G6) | U6: 37
A7: R1-03 | B7: R1 | C7: HNB060 | D7: HNB048 | E7: ring | F7: phải | G7: 4.291 | H7: 4.41 | I7: 4.114 | K7: =IF(J7="Có",I7*'Tham số'!$B$10,IF(H7="",I7*'Tham số'!$B$10,H7)) | L7: 1.469 | M7: 1.473 | N7: =IF(L7="","",MAX(L7,M7)*IF(J7="Có",K7/H7,1)) | O7: =IF(K7<'Tham số'!$B$7,'Tham số'!$B$4,IF(K7<='Tham số'!$B$8,'Tham số'!$B$5,'Tham số'!$B$6)) | P7: =IF(N7="","",O7-N7) | Q7: =IF(L7="","",ABS(L7-M7)) | R7: =IF(N7="","Chưa đo",IF(AND(N7<=O7,Q7<='Tham số'!$B$9),"Đạt","Cảnh báo")) | S7: =IF(OR(H7="",I7=""),"",H7/I7) | T7: =IF(OR(G7="",H7=""),"",ABS(H7-G7)/G7) | U7: 36
A8: R1-04 | B8: R1 | C8: HNB048 | D8: NBE22 | E8: ring | F8: phải | G8: 16.542 | H8: 17.692 | I8: 16.065 | K8: =IF(J8="Có",I8*'Tham số'!$B$10,IF(H8="",I8*'Tham số'!$B$10,H8)) | L8: 8.118 | M8: 8.118 | N8: =IF(L8="","",MAX(L8,M8)*IF(J8="Có",K8/H8,1)) | O8: =IF(K8<'Tham số'!$B$7,'Tham số'!$B$4,IF(K8<='Tham số'!$B$8,'Tham số'!$B$5,'Tham số'!$B$6)) | P8: =IF(N8="","",O8-N8) | Q8: =IF(L8="","",ABS(L8-M8)) | R8: =IF(N8="","Chưa đo",IF(AND(N8<=O8,Q8<='Tham số'!$B$9),"Đạt","Cảnh báo")) | S8: =IF(OR(H8="",I8=""),"",H8/I8) | T8: =IF(OR(G8="",H8=""),"",ABS(H8-G8)/G8) | U8: 35
A9: R2-01 | B9: R2 | C9: NBE12 | D9: HNB054 | E9: ring | F9: trái (trục NVT) | G9: 0.931 | H9: 0.995 | I9: 0.82 | K9: =IF(J9="Có",I9*'Tham số'!$B$10,IF(H9="",I9*'Tham số'!$B$10,H9)) | L9: 0.703 | M9: 0.468 | N9: =IF(L9="","",MAX(L9,M9)*IF(J9="Có",K9/H9,1)) | O9: =IF(K9<'Tham số'!$B$7,'Tham số'!$B$4,IF(K9<='Tham số'!$B$8,'Tham số'!$B$5,'Tham số'!$B$6)) | P9: =IF(N9="","",O9-N9) | Q9: =IF(L9="","",ABS(L9-M9)) | R9: =IF(N9="","Chưa đo",IF(AND(N9<=O9,Q9<='Tham số'!$B$9),"Đạt","Cảnh báo")) | S9: =IF(OR(H9="",I9=""),"",H9/I9) | T9: =IF(OR(G9="",H9=""),"",ABS(H9-G9)/G9) | U9: 30
A10: R2-02 | B10: R2 | C10: HNB054 | D10: HNB006 | E10: ring | F10: trái (trục NVT) | G10: 1.292 | H10: 1.433 | I10: 1.486 | K10: =IF(J10="Có",I10*'Tham số'!$B$10,IF(H10="",I10*'Tham số'!$B$10,H10)) | L10: 2.359 | M10: 0.336 | N10: =IF(L10="","",MAX(L10,M10)*IF(J10="Có",K10/H10,1)) | O10: =IF(K10<'Tham số'!$B$7,'Tham số'!$B$4,IF(K10<='Tham số'!$B$8,'Tham số'!$B$5,'Tham số'!$B$6)) | P10: =IF(N10="","",O10-N10) | Q10: =IF(L10="","",ABS(L10-M10)) | R10: =IF(N10="","Chưa đo",IF(AND(N10<=O10,Q10<='Tham số'!$B$9),"Đạt","Cảnh báo")) | S10: =IF(OR(H10="",I10=""),"",H10/I10) | T10: =IF(OR(G10="",H10=""),"",ABS(H10-G10)/G10) | U10: 31
A11: R2-03 | B11: R2 | C11: HNB006 | D11: HNB091 | E11: ring | F11: trái | G11: 0.962 | H11: 1.607 | I11: 0.779 | K11: =IF(J11="Có",I11*'Tham số'!$B$10,IF(H11="",I11*'Tham số'!$B$10,H11)) | L11: 0.549 | M11: 0.549 | N11: =IF(L11="","",MAX(L11,M11)*IF(J11="Có",K11/H11,1)) | O11: =IF(K11<'Tham số'!$B$7,'Tham số'!$B$4,IF(K11<='Tham số'!$B$8,'Tham số'!$B$5,'Tham số'!$B$6)) | P11: =IF(N11="","",O11-N11) | Q11: =IF(L11="","",ABS(L11-M11)) | R11: =IF(N11="","Chưa đo",IF(AND(N11<=O11,Q11<='Tham số'!$B$9),"Đạt","Cảnh báo")) | S11: =IF(OR(H11="",I11=""),"",H11/I11) | T11: =IF(OR(G11="",H11=""),"",ABS(H11-G11)/G11) | U11: 32
A12: R2-04 | B12: R2 | C12: HNB091 | D12: NBE22 | E12: ring | F12: phải | G12: 15.302 | H12: 16.341 | I12: 14.903 | K12: =IF(J12="Có",I12*'Tham số'!$B$10,IF(H12="",I12*'Tham số'!$B$10,H12)) | L12: 7.815 | M12: 5.984 | N12: =IF(L12="","",MAX(L12,M12)*IF(J12="Có",K12/H12,1)) | O12: =IF(K12<'Tham số'!$B$7,'Tham số'!$B$4,IF(K12<='Tham số'!$B$8,'Tham số'!$B$5,'Tham số'!$B$6)) | P12: =IF(N12="","",O12-N12) | Q12: =IF(L12="","",ABS(L12-M12)) | R12: =IF(N12="","Chưa đo",IF(AND(N12<=O12,Q12<='Tham số'!$B$9),"Đạt","Cảnh báo")) | S12: =IF(OR(H12="",I12=""),"",H12/I12) | T12: =IF(OR(G12="",H12=""),"",ABS(H12-G12)/G12) | U12: 33
A13: R3-01 | B13: R3 | C13: NBE12 | D13: HNB055 | E13: ring | G13: 10.029 | H13: 10.387 | I13: 9.682 | K13: =IF(J13="Có",I13*'Tham số'!$B$10,IF(H13="",I13*'Tham số'!$B$10,H13)) | L13: 3.794 | M13: 3.842 | N13: =IF(L13="","",MAX(L13,M13)*IF(J13="Có",K13/H13,1)) | O13: =IF(K13<'Tham số'!$B$7,'Tham số'!$B$4,IF(K13<='Tham số'!$B$8,'Tham số'!$B$5,'Tham số'!$B$6)) | P13: =IF(N13="","",O13-N13) | Q13: =IF(L13="","",ABS(L13-M13)) | R13: =IF(N13="","Chưa đo",IF(AND(N13<=O13,Q13<='Tham số'!$B$9),"Đạt","Cảnh báo")) | S13: =IF(OR(H13="",I13=""),"",H13/I13) | T13: =IF(OR(G13="",H13=""),"",ABS(H13-G13)/G13) | U13: 25
A14: R3-02 | B14: R3 | C14: HNB055 | D14: HNB065 | E14: ring | G14: 0.827 | H14: 1.018 | I14: 0.872 | K14: =IF(J14="Có",I14*'Tham số'!$B$10,IF(H14="",I14*'Tham số'!$B$10,H14)) | L14: 0.247 | M14: 0.248 | N14: =IF(L14="","",MAX(L14,M14)*IF(J14="Có",K14/H14,1)) | O14: =IF(K14<'Tham số'!$B$7,'Tham số'!$B$4,IF(K14<='Tham số'!$B$8,'Tham số'!$B$5,'Tham số'!$B$6)) | P14: =IF(N14="","",O14-N14) | Q14: =IF(L14="","",ABS(L14-M14)) | R14: =IF(N14="","Chưa đo",IF(AND(N14<=O14,Q14<='Tham số'!$B$9),"Đạt","Cảnh báo")) | S14: =IF(OR(H14="",I14=""),"",H14/I14) | T14: =IF(OR(G14="",H14=""),"",ABS(H14-G14)/G14) | U14: 26
A15: R3-03 | B15: R3 | C15: HNB065 | D15: HNB094 | E15: ring | G15: 1.799 | H15: 2.218 | I15: 1.919 | K15: =IF(J15="Có",I15*'Tham số'!$B$10,IF(H15="",I15*'Tham số'!$B$10,H15)) | L15: 0.804 | M15: 0.803 | N15: =IF(L15="","",MAX(L15,M15)*IF(J15="Có",K15/H15,1)) | O15: =IF(K15<'Tham số'!$B$7,'Tham số'!$B$4,IF(K15<='Tham số'!$B$8,'Tham số'!$B$5,'Tham số'!$B$6)) | P15: =IF(N15="","",O15-N15) | Q15: =IF(L15="","",ABS(L15-M15)) | R15: =IF(N15="","Chưa đo",IF(AND(N15<=O15,Q15<='Tham số'!$B$9),"Đạt","Cảnh báo")) | S15: =IF(OR(H15="",I15=""),"",H15/I15) | T15: =IF(OR(G15="",H15=""),"",ABS(H15-G15)/G15) | U15: 27
A16: R3-04 | B16: R3 | C16: HNB094 | D16: NBE22 | E16: ring | G16: 7.237 | H16: 7.65 | I16: 7.056 | K16: =IF(J16="Có",I16*'Tham số'!$B$10,IF(H16="",I16*'Tham số'!$B$10,H16)) | L16: 2.812 | M16: 2.636 | N16: =IF(L16="","",MAX(L16,M16)*IF(J16="Có",K16/H16,1)) | O16: =IF(K16<'Tham số'!$B$7,'Tham số'!$B$4,IF(K16<='Tham số'!$B$8,'Tham số'!$B$5,'Tham số'!$B$6)) | P16: =IF(N16="","",O16-N16) | Q16: =IF(L16="","",ABS(L16-M16)) | R16: =IF(N16="","Chưa đo",IF(AND(N16<=O16,Q16<='Tham số'!$B$9),"Đạt","Cảnh báo")) | S16: =IF(OR(H16="",I16=""),"",H16/I16) | T16: =IF(OR(G16="",H16=""),"",ABS(H16-G16)/G16) | U16: 28
A17: R3-S1 | B17: R3 | C17: HNB094 | D17: HNB018 | E17: nhánh cụt | G17: 1.241 | H17: 1.427 | I17: 1.209 | K17: =IF(J17="Có",I17*'Tham số'!$B$10,IF(H17="",I17*'Tham số'!$B$10,H17)) | L17: 0.62 | M17: 0.621 | N17: =IF(L17="","",MAX(L17,M17)*IF(J17="Có",K17/H17,1)) | O17: =IF(K17<'Tham số'!$B$7,'Tham số'!$B$4,IF(K17<='Tham số'!$B$8,'Tham số'!$B$5,'Tham số'!$B$6)) | P17: =IF(N17="","",O17-N17) | Q17: =IF(L17="","",ABS(L17-M17)) | R17: =IF(N17="","Chưa đo",IF(AND(N17<=O17,Q17<='Tham số'!$B$9),"Đạt","Cảnh báo")) | S17: =IF(OR(H17="",I17=""),"",H17/I17) | T17: =IF(OR(G17="",H17=""),"",ABS(H17-G17)/G17) | U17: 29
A18: R4-01 | B18: R4 | C18: NBE12 | D18: HNB011 | E18: ring | G18: 9.202 | H18: 9.63 | I18: 8.917 | K18: =IF(J18="Có",I18*'Tham số'!$B$10,IF(H18="",I18*'Tham số'!$B$10,H18)) | L18: 3.502 | M18: 3.203 | N18: =IF(L18="","",MAX(L18,M18)*IF(J18="Có",K18/H18,1)) | O18: =IF(K18<'Tham số'!$B$7,'Tham số'!$B$4,IF(K18<='Tham số'!$B$8,'Tham số'!$B$5,'Tham số'!$B$6)) | P18: =IF(N18="","",O18-N18) | Q18: =IF(L18="","",ABS(L18-M18)) | R18: =IF(N18="","Chưa đo",IF(AND(N18<=O18,Q18<='Tham số'!$B$9),"Đạt","Cảnh báo")) | S18: =IF(OR(H18="",I18=""),"",H18/I18) | T18: =IF(OR(G18="",H18=""),"",ABS(H18-G18)/G18) | U18: 20
A19: R4-02 | B19: R4 | C19: HNB011 | D19: HNB056 | E19: ring | G19: 0.62 | H19: 0.86 | I19: 0.735 | K19: =IF(J19="Có",I19*'Tham số'!$B$10,IF(H19="",I19*'Tham số'!$B$10,H19)) | L19: 0.445 | M19: 0.358 | N19: =IF(L19="","",MAX(L19,M19)*IF(J19="Có",K19/H19,1)) | O19: =IF(K19<'Tham số'!$B$7,'Tham số'!$B$4,IF(K19<='Tham số'!$B$8,'Tham số'!$B$5,'Tham số'!$B$6)) | P19: =IF(N19="","",O19-N19) | Q19: =IF(L19="","",ABS(L19-M19)) | R19: =IF(N19="","Chưa đo",IF(AND(N19<=O19,Q19<='Tham số'!$B$9),"Đạt","Cảnh báo")) | S19: =IF(OR(H19="",I19=""),"",H19/I19) | T19: =IF(OR(G19="",H19=""),"",ABS(H19-G19)/G19) | U19: 21
A20: R4-03 | B20: R4 | C20: HNB056 | D20: HNB071 | E20: ring | G20: 0.827 | H20: 1.325 | I20: 1.278 | K20: =IF(J20="Có",I20*'Tham số'!$B$10,IF(H20="",I20*'Tham số'!$B$10,H20)) | L20: 0.341 | M20: 0.343 | N20: =IF(L20="","",MAX(L20,M20)*IF(J20="Có",K20/H20,1)) | O20: =IF(K20<'Tham số'!$B$7,'Tham số'!$B$4,IF(K20<='Tham số'!$B$8,'Tham số'!$B$5,'Tham số'!$B$6)) | P20: =IF(N20="","",O20-N20) | Q20: =IF(L20="","",ABS(L20-M20)) | R20: =IF(N20="","Chưa đo",IF(AND(N20<=O20,Q20<='Tham số'!$B$9),"Đạt","Cảnh báo")) | S20: =IF(OR(H20="",I20=""),"",H20/I20) | T20: =IF(OR(G20="",H20=""),"",ABS(H20-G20)/G20) | U20: 22
A21: R4-04 | B21: R4 | C21: HNB071 | D21: HNB073 | E21: ring | G21: 0.724 | H21: 0.772 | I21: 0.656 | K21: =IF(J21="Có",I21*'Tham số'!$B$10,IF(H21="",I21*'Tham số'!$B$10,H21)) | L21: 0.21 | M21: 0.229 | N21: =IF(L21="","",MAX(L21,M21)*IF(J21="Có",K21/H21,1)) | O21: =IF(K21<'Tham số'!$B$7,'Tham số'!$B$4,IF(K21<='Tham số'!$B$8,'Tham số'!$B$5,'Tham số'!$B$6)) | P21: =IF(N21="","",O21-N21) | Q21: =IF(L21="","",ABS(L21-M21)) | R21: =IF(N21="","Chưa đo",IF(AND(N21<=O21,Q21<='Tham số'!$B$9),"Đạt","Cảnh báo")) | S21: =IF(OR(H21="",I21=""),"",H21/I21) | T21: =IF(OR(G21="",H21=""),"",ABS(H21-G21)/G21) | U21: 23
A22: R4-05 | B22: R4 | C22: HNB073 | D22: NBE22 | E22: ring | G22: 9.098 | H22: 9.559 | I22: 8.856 | K22: =IF(J22="Có",I22*'Tham số'!$B$10,IF(H22="",I22*'Tham số'!$B$10,H22)) | L22: 3.348 | M22: 3.501 | N22: =IF(L22="","",MAX(L22,M22)*IF(J22="Có",K22/H22,1)) | O22: =IF(K22<'Tham số'!$B$7,'Tham số'!$B$4,IF(K22<='Tham số'!$B$8,'Tham số'!$B$5,'Tham số'!$B$6)) | P22: =IF(N22="","",O22-N22) | Q22: =IF(L22="","",ABS(L22-M22)) | R22: =IF(N22="","Chưa đo",IF(AND(N22<=O22,Q22<='Tham số'!$B$9),"Đạt","Cảnh báo")) | S22: =IF(OR(H22="",I22=""),"",H22/I22) | T22: =IF(OR(G22="",H22=""),"",ABS(H22-G22)/G22) | U22: 24
A23: R5-01 | B23: R5 | C23: NBE12 | D23: HNB012 | E23: ring | G23: 8.229 | H23: 8.454 | I23: 7.801 | K23: =IF(J23="Có",I23*'Tham số'!$B$10,IF(H23="",I23*'Tham số'!$B$10,H23)) | L23: 3.149 | M23: 3.149 | N23: =IF(L23="","",MAX(L23,M23)*IF(J23="Có",K23/H23,1)) | O23: =IF(K23<'Tham số'!$B$7,'Tham số'!$B$4,IF(K23<='Tham số'!$B$8,'Tham số'!$B$5,'Tham số'!$B$6)) | P23: =IF(N23="","",O23-N23) | Q23: =IF(L23="","",ABS(L23-M23)) | R23: =IF(N23="","Chưa đo",IF(AND(N23<=O23,Q23<='Tham số'!$B$9),"Đạt","Cảnh báo")) | S23: =IF(OR(H23="",I23=""),"",H23/I23) | T23: =IF(OR(G23="",H23=""),"",ABS(H23-G23)/G23) | U23: 16
A24: R5-02 | B24: R5 | C24: HNB012 | D24: HNB014 | E24: ring | G24: 5.531 | H24: 5.553 | I24: 5.597 | K24: =IF(J24="Có",I24*'Tham số'!$B$10,IF(H24="",I24*'Tham số'!$B$10,H24)) | L24: 1.727 | M24: 2.305 | N24: =IF(L24="","",MAX(L24,M24)*IF(J24="Có",K24/H24,1)) | O24: =IF(K24<'Tham số'!$B$7,'Tham số'!$B$4,IF(K24<='Tham số'!$B$8,'Tham số'!$B$5,'Tham số'!$B$6)) | P24: =IF(N24="","",O24-N24) | Q24: =IF(L24="","",ABS(L24-M24)) | R24: =IF(N24="","Chưa đo",IF(AND(N24<=O24,Q24<='Tham số'!$B$9),"Đạt","Cảnh báo")) | S24: =IF(OR(H24="",I24=""),"",H24/I24) | T24: =IF(OR(G24="",H24=""),"",ABS(H24-G24)/G24) | U24: 17
... A26: R5-04 | B26: R5 | C26: HNB075 | D26: NBE22 | E26: ring | G26: 10.959 | H26: 11.423 | I26: 10.652 | K26: =IF(J26="Có",I26*'Tham số'!$B$10,IF(H26="",I26*'Tham số'!$B$10,H26)) | L26: 4.169 | M26: 4.138 | N26: =IF(L26="","",MAX(L26,M26)*IF(J26="Có",K26/H26,1)) | O26: =IF(K26<'Tham số'!$B$7,'Tham số'!$B$4,IF(K26<='Tham số'!$B$8,'Tham số'!$B$5,'Tham số'!$B$6)) | P26: =IF(N26="","",O26-N26) | Q26: =IF(L26="","",ABS(L26-M26)) | R26: =IF(N26="","Chưa đo",IF(AND(N26<=O26,Q26<='Tham số'!$B$9),"Đạt","Cảnh báo")) | S26: =IF(OR(H26="",I26=""),"",H26/I26) | T26: =IF(OR(G26="",H26=""),"",ABS(H26-G26)/G26) | U26: 19
A27: R5-S1 | B27: R5 | C27: HNB012 | D27: HNB113 | E27: nhánh cụt | I27: 0.951 | K27: =IF(J27="Có",I27*'Tham số'!$B$10,IF(H27="",I27*'Tham số'!$B$10,H27)) | N27: =IF(L27="","",MAX(L27,M27)*IF(J27="Có",K27/H27,1)) | O27: =IF(K27<'Tham số'!$B$7,'Tham số'!$B$4,IF(K27<='Tham số'!$B$8,'Tham số'!$B$5,'Tham số'!$B$6)) | P27: =IF(N27="","",O27-N27) | Q27: =IF(L27="","",ABS(L27-M27)) | R27: =IF(N27="","Chưa đo",IF(AND(N27<=O27,Q27<='Tham số'!$B$9),"Đạt","Cảnh báo")) | S27: =IF(OR(H27="",I27=""),"",H27/I27) | T27: =IF(OR(G27="",H27=""),"",ABS(H27-G27)/G27)
A28: R6-01 | B28: R6 | C28: NBE12 | D28: HNB086 | E28: ring | G28: 2.843 | H28: 3.084 | I28: 2.73 | K28: =IF(J28="Có",I28*'Tham số'!$B$10,IF(H28="",I28*'Tham số'!$B$10,H28)) | L28: 0.99 | M28: 0.943 | N28: =IF(L28="","",MAX(L28,M28)*IF(J28="Có",K28/H28,1)) | O28: =IF(K28<'Tham số'!$B$7,'Tham số'!$B$4,IF(K28<='Tham số'!$B$8,'Tham số'!$B$5,'Tham số'!$B$6)) | P28: =IF(N28="","",O28-N28) | Q28: =IF(L28="","",ABS(L28-M28)) | R28: =IF(N28="","Chưa đo",IF(AND(N28<=O28,Q28<='Tham số'!$B$9),"Đạt","Cảnh báo")) | S28: =IF(OR(H28="",I28=""),"",H28/I28) | T28: =IF(OR(G28="",H28=""),"",ABS(H28-G28)/G28) | U28: 10
A29: R6-02 | B29: R6 | C29: HNB086 | D29: HNB024 | E29: ring | G29: 1.809 | H29: 2.013 | I29: 1.665 | K29: =IF(J29="Có",I29*'Tham số'!$B$10,IF(H29="",I29*'Tham số'!$B$10,H29)) | L29: 0.616 | M29: 0.578 | N29: =IF(L29="","",MAX(L29,M29)*IF(J29="Có",K29/H29,1)) | O29: =IF(K29<'Tham số'!$B$7,'Tham số'!$B$4,IF(K29<='Tham số'!$B$8,'Tham số'!$B$5,'Tham số'!$B$6)) | P29: =IF(N29="","",O29-N29) | Q29: =IF(L29="","",ABS(L29-M29)) | R29: =IF(N29="","Chưa đo",IF(AND(N29<=O29,Q29<='Tham số'!$B$9),"Đạt","Cảnh báo")) | S29: =IF(OR(H29="",I29=""),"",H29/I29) | T29: =IF(OR(G29="",H29=""),"",ABS(H29-G29)/G29) | U29: 11
A30: R6-03 | B30: R6 | C30: HNB024 | D30: HNB027 | E30: ring | G30: 0.827 | H30: 0.862 | I30: 0.745 | K30: =IF(J30="Có",I30*'Tham số'!$B$10,IF(H30="",I30*'Tham số'!$B$10,H30)) | L30: 0.185 | M30: 0.176 | N30: =IF(L30="","",MAX(L30,M30)*IF(J30="Có",K30/H30,1)) | O30: =IF(K30<'Tham số'!$B$7,'Tham số'!$B$4,IF(K30<='Tham số'!$B$8,'Tham số'!$B$5,'Tham số'!$B$6)) | P30: =IF(N30="","",O30-N30) | Q30: =IF(L30="","",ABS(L30-M30)) | R30: =IF(N30="","Chưa đo",IF(AND(N30<=O30,Q30<='Tham số'!$B$9),"Đạt","Cảnh báo")) | S30: =IF(OR(H30="",I30=""),"",H30/I30) | T30: =IF(OR(G30="",H30=""),"",ABS(H30-G30)/G30) | U30: 12
A31: R6-04 | B31: R6 | C31: HNB027 | D31: HNB031 | E31: ring | G31: 2.657 | H31: 2.896 | I31: 2.584 | K31: =IF(J31="Có",I31*'Tham số'!$B$10,IF(H31="",I31*'Tham số'!$B$10,H31)) | L31: 0.959 | M31: 1.017 | N31: =IF(L31="","",MAX(L31,M31)*IF(J31="Có",K31/H31,1)) | O31: =IF(K31<'Tham số'!$B$7,'Tham số'!$B$4,IF(K31<='Tham số'!$B$8,'Tham số'!$B$5,'Tham số'!$B$6)) | P31: =IF(N31="","",O31-N31) | Q31: =IF(L31="","",ABS(L31-M31)) | R31: =IF(N31="","Chưa đo",IF(AND(N31<=O31,Q31<='Tham số'!$B$9),"Đạt","Cảnh báo")) | S31: =IF(OR(H31="",I31=""),"",H31/I31) | T31: =IF(OR(G31="",H31=""),"",ABS(H31-G31)/G31) | U31: 13
A32: R6-05 | B32: R6 | C32: HNB031 | D32: HNB020 | E32: ring | F32: hai lề (chưa rõ chi tiết) | G32: 1.086 | H32: 1.178 | I32: 1.066 | K32: =IF(J32="Có",I32*'Tham số'!$B$10,IF(H32="",I32*'Tham số'!$B$10,H32)) | L32: 0.291 | M32: 0.298 | N32: =IF(L32="","",MAX(L32,M32)*IF(J32="Có",K32/H32,1)) | O32: =IF(K32<'Tham số'!$B$7,'Tham số'!$B$4,IF(K32<='Tham số'!$B$8,'Tham số'!$B$5,'Tham số'!$B$6)) | P32: =IF(N32="","",O32-N32) | Q32: =IF(L32="","",ABS(L32-M32)) | R32: =IF(N32="","Chưa đo",IF(AND(N32<=O32,Q32<='Tham số'!$B$9),"Đạt","Cảnh báo")) | S32: =IF(OR(H32="",I32=""),"",H32/I32) | T32: =IF(OR(G32="",H32=""),"",ABS(H32-G32)/G32) | U32: 14
A33: R6-06 | B33: R6 | C33: HNB020 | D33: NBE22 | E33: ring | G33: 2.068 | H33: 2.186 | I33: 2.029 | K33: =IF(J33="Có",I33*'Tham số'!$B$10,IF(H33="",I33*'Tham số'!$B$10,H33)) | L33: 0.665 | M33: 0.691 | N33: =IF(L33="","",MAX(L33,M33)*IF(J33="Có",K33/H33,1)) | O33: =IF(K33<'Tham số'!$B$7,'Tham số'!$B$4,IF(K33<='Tham số'!$B$8,'Tham số'!$B$5,'Tham số'!$B$6)) | P33: =IF(N33="","",O33-N33) | Q33: =IF(L33="","",ABS(L33-M33)) | R33: =IF(N33="","Chưa đo",IF(AND(N33<=O33,Q33<='Tham số'!$B$9),"Đạt","Cảnh báo")) | S33: =IF(OR(H33="",I33=""),"",H33/I33) | T33: =IF(OR(G33="",H33=""),"",ABS(H33-G33)/G33) | U33: 15
A34: R7-01 | B34: R7 | C34: NBE12 | D34: HNB005 | E34: ring | G34: 10.856 | H34: 11.101 | I34: 15.047 | J34: Có | K34: =IF(J34="Có",I34*'Tham số'!$B$10,IF(H34="",I34*'Tham số'!$B$10,H34)) | L34: 4.362 | M34: 4.362 | N34: =IF(L34="","",MAX(L34,M34)*IF(J34="Có",K34/H34,1)) | O34: =IF(K34<'Tham số'!$B$7,'Tham số'!$B$4,IF(K34<='Tham số'!$B$8,'Tham số'!$B$5,'Tham số'!$B$6)) | P34: =IF(N34="","",O34-N34) | Q34: =IF(L34="","",ABS(L34-M34)) | R34: =IF(N34="","Chưa đo",IF(AND(N34<=O34,Q34<='Tham số'!$B$9),"Đạt","Cảnh báo")) | S34: =IF(OR(H34="",I34=""),"",H34/I34) | T34: =IF(OR(G34="",H34=""),"",ABS(H34-G34)/G34) | U34: 5
A35: R7-02 | B35: R7 | C35: HNB005 | D35: HNB062 | E35: ring | G35: 1.086 | H35: 1.268 | I35: 1.06 | K35: =IF(J35="Có",I35*'Tham số'!$B$10,IF(H35="",I35*'Tham số'!$B$10,H35)) | L35: 0.384 | M35: 0.386 | N35: =IF(L35="","",MAX(L35,M35)*IF(J35="Có",K35/H35,1)) | O35: =IF(K35<'Tham số'!$B$7,'Tham số'!$B$4,IF(K35<='Tham số'!$B$8,'Tham số'!$B$5,'Tham số'!$B$6)) | P35: =IF(N35="","",O35-N35) | Q35: =IF(L35="","",ABS(L35-M35)) | R35: =IF(N35="","Chưa đo",IF(AND(N35<=O35,Q35<='Tham số'!$B$9),"Đạt","Cảnh báo")) | S35: =IF(OR(H35="",I35=""),"",H35/I35) | T35: =IF(OR(G35="",H35=""),"",ABS(H35-G35)/G35) | U35: 6
A36: R7-03 | B36: R7 | C36: HNB062 | D36: HNB021 | E36: ring | G36: 0.827 | H36: 1.035 | I36: 0.798 | K36: =IF(J36="Có",I36*'Tham số'!$B$10,IF(H36="",I36*'Tham số'!$B$10,H36)) | L36: 0.222 | M36: 0.201 | N36: =IF(L36="","",MAX(L36,M36)*IF(J36="Có",K36/H36,1)) | O36: =IF(K36<'Tham số'!$B$7,'Tham số'!$B$4,IF(K36<='Tham số'!$B$8,'Tham số'!$B$5,'Tham số'!$B$6)) | P36: =IF(N36="","",O36-N36) | Q36: =IF(L36="","",ABS(L36-M36)) | R36: =IF(N36="","Chưa đo",IF(AND(N36<=O36,Q36<='Tham số'!$B$9),"Đạt","Cảnh báo")) | S36: =IF(OR(H36="",I36=""),"",H36/I36) | T36: =IF(OR(G36="",H36=""),"",ABS(H36-G36)/G36) | U36: 7
A37: R7-04 | B37: R7 | C37: HNB021 | D37: HNB013 | E37: ring | G37: 0.827 | H37: 0.977 | I37: 0.761 | K37: =IF(J37="Có",I37*'Tham số'!$B$10,IF(H37="",I37*'Tham số'!$B$10,H37)) | L37: 0.422 | M37: 0.366 | N37: =IF(L37="","",MAX(L37,M37)*IF(J37="Có",K37/H37,1)) | O37: =IF(K37<'Tham số'!$B$7,'Tham số'!$B$4,IF(K37<='Tham số'!$B$8,'Tham số'!$B$5,'Tham số'!$B$6)) | P37: =IF(N37="","",O37-N37) | Q37: =IF(L37="","",ABS(L37-M37)) | R37: =IF(N37="","Chưa đo",IF(AND(N37<=O37,Q37<='Tham số'!$B$9),"Đạt","Cảnh báo")) | S37: =IF(OR(H37="",I37=""),"",H37/I37) | T37: =IF(OR(G37="",H37=""),"",ABS(H37-G37)/G37) | U37: 8
A38: R7-05 | B38: R7 | C38: HNB013 | D38: NBE22 | E38: ring | G38: 0.465 | H38: 0.688 | I38: 0.431 | K38: =IF(J38="Có",I38*'Tham số'!$B$10,IF(H38="",I38*'Tham số'!$B$10,H38)) | L38: 0.227 | M38: 0.604 | N38: =IF(L38="","",MAX(L38,M38)*IF(J38="Có",K38/H38,1)) | O38: =IF(K38<'Tham số'!$B$7,'Tham số'!$B$4,IF(K38<='Tham số'!$B$8,'Tham số'!$B$5,'Tham số'!$B$6)) | P38: =IF(N38="","",O38-N38) | Q38: =IF(L38="","",ABS(L38-M38)) | R38: =IF(N38="","Chưa đo",IF(AND(N38<=O38,Q38<='Tham số'!$B$9),"Đạt","Cảnh báo")) | S38: =IF(OR(H38="",I38=""),"",H38/I38) | T38: =IF(OR(G38="",H38=""),"",ABS(H38-G38)/G38) | U38: 9
A39: R8-01 | B39: R8 | C39: NBE12 | D39: HNB066 | E39: ring | G39: 10.236 | H39: 15.404 | I39: 14.348 | J39: Có | K39: =IF(J39="Có",I39*'Tham số'!$B$10,IF(H39="",I39*'Tham số'!$B$10,H39)) | L39: 6.031 | M39: 6.138 | N39: =IF(L39="","",MAX(L39,M39)*IF(J39="Có",K39/H39,1)) | O39: =IF(K39<'Tham số'!$B$7,'Tham số'!$B$4,IF(K39<='Tham số'!$B$8,'Tham số'!$B$5,'Tham số'!$B$6)) | P39: =IF(N39="","",O39-N39) | Q39: =IF(L39="","",ABS(L39-M39)) | R39: =IF(N39="","Chưa đo",IF(AND(N39<=O39,Q39<='Tham số'!$B$9),"Đạt","Cảnh báo")) | S39: =IF(OR(H39="",I39=""),"",H39/I39) | T39: =IF(OR(G39="",H39=""),"",ABS(H39-G39)/G39) | U39: 1
A40: R8-02 | B40: R8 | C40: HNB066 | D40: HNB016 | E40: ring | G40: 0.456 | H40: 0.501 | I40: 0.692 | K40: =IF(J40="Có",I40*'Tham số'!$B$10,IF(H40="",I40*'Tham số'!$B$10,H40)) | L40: 0.104 | M40: 0.202 | N40: =IF(L40="","",MAX(L40,M40)*IF(J40="Có",K40/H40,1)) | O40: =IF(K40<'Tham số'!$B$7,'Tham số'!$B$4,IF(K40<='Tham số'!$B$8,'Tham số'!$B$5,'Tham số'!$B$6)) | P40: =IF(N40="","",O40-N40) | Q40: =IF(L40="","",ABS(L40-M40)) | R40: =IF(N40="","Chưa đo",IF(AND(N40<=O40,Q40<='Tham số'!$B$9),"Đạt","Cảnh báo")) | S40: =IF(OR(H40="",I40=""),"",H40/I40) | T40: =IF(OR(G40="",H40=""),"",ABS(H40-G40)/G40) | U40: 2
A41: R8-03 | B41: R8 | C41: HNB016 | D41: HNB038 | E41: ring | G41: 0.517 | H41: 0.618 | I41: 0.271 | K41: =IF(J41="Có",I41*'Tham số'!$B$10,IF(H41="",I41*'Tham số'!$B$10,H41)) | L41: 0.204 | M41: 0.204 | N41: =IF(L41="","",MAX(L41,M41)*IF(J41="Có",K41/H41,1)) | O41: =IF(K41<'Tham số'!$B$7,'Tham số'!$B$4,IF(K41<='Tham số'!$B$8,'Tham số'!$B$5,'Tham số'!$B$6)) | P41: =IF(N41="","",O41-N41) | Q41: =IF(L41="","",ABS(L41-M41)) | R41: =IF(N41="","Chưa đo",IF(AND(N41<=O41,Q41<='Tham số'!$B$9),"Đạt","Cảnh báo")) | S41: =IF(OR(H41="",I41=""),"",H41/I41) | T41: =IF(OR(G41="",H41=""),"",ABS(H41-G41)/G41) | U41: 3
A42: R8-04 | B42: R8 | C42: HNB038 | D42: NBE22 | E42: ring | G42: 2.275 | H42: 2.645 | I42: 2.285 | K42: =IF(J42="Có",I42*'Tham số'!$B$10,IF(H42="",I42*'Tham số'!$B$10,H42)) | L42: 0.899 | M42: 0.598 | N42: =IF(L42="","",MAX(L42,M42)*IF(J42="Có",K42/H42,1)) | O42: =IF(K42<'Tham số'!$B$7,'Tham số'!$B$4,IF(K42<='Tham số'!$B$8,'Tham số'!$B$5,'Tham số'!$B$6)) | P42: =IF(N42="","",O42-N42) | Q42: =IF(L42="","",ABS(L42-M42)) | R42: =IF(N42="","Chưa đo",IF(AND(N42<=O42,Q42<='Tham số'!$B$9),"Đạt","Cảnh báo")) | S42: =IF(OR(H42="",I42=""),"",H42/I42) | T42: =IF(OR(G42="",H42=""),"",ABS(H42-G42)/G42) | U42: 4

Sheet Sự cố đứt cáp
A1: Giả lập đứt cáp — một đoạn bất kỳ
A2: Điều cần tránh: một CSG không còn link nào về AGG. Suy hao các đoạn còn lại không đổi (tính theo từng đoạn).
A4: Đoạn đứt | B4: Ring | C4: Từ → Đến | D4: Lề | E4: CSG mất hết link | F4: CSG còn một hướng | G4: Nhận xét
A5: R1-01 | B5: R1 | C5: NBE12 → HNB059 | D5: trái | E5: — | F5: HNB059→NBE22, HNB060→NBE22, HNB048→NBE22 | G5: còn bảo vệ: mọi CSG vẫn về được AGG
A6: R1-02 | B6: R1 | C6: HNB059 → HNB060 | D6: trái | E6: — | F6: HNB059→NBE12, HNB060→NBE22, HNB048→NBE22 | G6: còn bảo vệ: mọi CSG vẫn về được AGG
A7: R1-03 | B7: R1 | C7: HNB060 → HNB048 | D7: phải | E7: — | F7: HNB059→NBE12, HNB060→NBE12, HNB048→NBE22 | G7: còn bảo vệ: mọi CSG vẫn về được AGG
A8: R1-04 | B8: R1 | C8: HNB048 → NBE22 | D8: phải | E8: — | F8: HNB059→NBE12, HNB060→NBE12, HNB048→NBE12 | G8: còn bảo vệ: mọi CSG vẫn về được AGG
A9: R2-01 | B9: R2 | C9: NBE12 → HNB054 | D9: trái (trục NVT) | E9: — | F9: HNB054→NBE22, HNB006→NBE22, HNB091→NBE22 | G9: còn bảo vệ: mọi CSG vẫn về được AGG
A10: R2-02 | B10: R2 | C10: HNB054 → HNB006 | D10: trái (trục NVT) | E10: — | F10: HNB054→NBE12, HNB006→NBE22, HNB091→NBE22 | G10: còn bảo vệ: mọi CSG vẫn về được AGG
A11: R2-03 | B11: R2 | C11: HNB006 → HNB091 | D11: trái | E11: — | F11: HNB054→NBE12, HNB006→NBE12, HNB091→NBE22 | G11: còn bảo vệ: mọi CSG vẫn về được AGG
A12: R2-04 | B12: R2 | C12: HNB091 → NBE22 | D12: phải | E12: — | F12: HNB054→NBE12, HNB006→NBE12, HNB091→NBE12 | G12: còn bảo vệ: mọi CSG vẫn về được AGG
A13: R3-01 | B13: R3 | C13: NBE12 → HNB055 | E13: — | F13: HNB055→NBE22, HNB065→NBE22, HNB094→NBE22, HNB018→NBE22 | G13: còn bảo vệ: mọi CSG vẫn về được AGG
A14: R3-02 | B14: R3 | C14: HNB055 → HNB065 | E14: — | F14: HNB055→NBE12, HNB065→NBE22, HNB094→NBE22, HNB018→NBE22 | G14: còn bảo vệ: mọi CSG vẫn về được AGG
A15: R3-03 | B15: R3 | C15: HNB065 → HNB094 | E15: — | F15: HNB055→NBE12, HNB065→NBE12, HNB094→NBE22, HNB018→NBE22 | G15: còn bảo vệ: mọi CSG vẫn về được AGG
A16: R3-04 | B16: R3 | C16: HNB094 → NBE22 | E16: — | F16: HNB055→NBE12, HNB065→NBE12, HNB094→NBE12, HNB018→NBE12 | G16: còn bảo vệ: mọi CSG vẫn về được AGG
A17: R3-S1 | B17: R3 | C17: HNB094 → HNB018 | E17: HNB018 | F17: — | G17: trạm nhánh cụt mất kết nối
A18: R4-01 | B18: R4 | C18: NBE12 → HNB011 | E18: — | F18: HNB011→NBE22, HNB056→NBE22, HNB071→NBE22, HNB073→NBE22 | G18: còn bảo vệ: mọi CSG vẫn về được AGG
A19: R4-02 | B19: R4 | C19: HNB011 → HNB056 | E19: — | F19: HNB011→NBE12, HNB056→NBE22, HNB071→NBE22, HNB073→NBE22 | G19: còn bảo vệ: mọi CSG vẫn về được AGG
A20: R4-03 | B20: R4 | C20: HNB056 → HNB071 | E20: — | F20: HNB011→NBE12, HNB056→NBE12, HNB071→NBE22, HNB073→NBE22 | G20: còn bảo vệ: mọi CSG vẫn về được AGG
A21: R4-04 | B21: R4 | C21: HNB071 → HNB073 | E21: — | F21: HNB011→NBE12, HNB056→NBE12, HNB071→NBE12, HNB073→NBE22 | G21: còn bảo vệ: mọi CSG vẫn về được AGG
A22: R4-05 | B22: R4 | C22: HNB073 → NBE22 | E22: — | F22: HNB011→NBE12, HNB056→NBE12, HNB071→NBE12, HNB073→NBE12 | G22: còn bảo vệ: mọi CSG vẫn về được AGG
A23: R5-01 | B23: R5 | C23: NBE12 → HNB012 | E23: — | F23: HNB012→NBE22, HNB014→NBE22, HNB075→NBE22, HNB113→NBE22 | G23: còn bảo vệ: mọi CSG vẫn về được AGG
A24: R5-02 | B24: R5 | C24: HNB012 → HNB014 | E24: — | F24: HNB012→NBE12, HNB014→NBE22, HNB075→NBE22, HNB113→NBE12 | G24: còn bảo vệ: mọi CSG vẫn về được AGG
... A31: R6-04 | B31: R6 | C31: HNB027 → HNB031 | E31: — | F31: HNB086→NBE12, HNB024→NBE12, HNB027→NBE12, HNB031→NBE22, HNB020→NBE22 | G31: còn bảo vệ: mọi CSG vẫn về được AGG
A32: R6-05 | B32: R6 | C32: HNB031 → HNB020 | D32: hai lề (chưa rõ chi tiết) | E32: — | F32: HNB086→NBE12, HNB024→NBE12, HNB027→NBE12, HNB031→NBE12, HNB020→NBE22 | G32: còn bảo vệ: mọi CSG vẫn về được AGG
A33: R6-06 | B33: R6 | C33: HNB020 → NBE22 | E33: — | F33: HNB086→NBE12, HNB024→NBE12, HNB027→NBE12, HNB031→NBE12, HNB020→NBE12 | G33: còn bảo vệ: mọi CSG vẫn về được AGG
A34: R7-01 | B34: R7 | C34: NBE12 → HNB005 | E34: — | F34: HNB005→NBE22, HNB062→NBE22, HNB021→NBE22, HNB013→NBE22 | G34: còn bảo vệ: mọi CSG vẫn về được AGG
A35: R7-02 | B35: R7 | C35: HNB005 → HNB062 | E35: — | F35: HNB005→NBE12, HNB062→NBE22, HNB021→NBE22, HNB013→NBE22 | G35: còn bảo vệ: mọi CSG vẫn về được AGG
A36: R7-03 | B36: R7 | C36: HNB062 → HNB021 | E36: — | F36: HNB005→NBE12, HNB062→NBE12, HNB021→NBE22, HNB013→NBE22 | G36: còn bảo vệ: mọi CSG vẫn về được AGG
A37: R7-04 | B37: R7 | C37: HNB021 → HNB013 | E37: — | F37: HNB005→NBE12, HNB062→NBE12, HNB021→NBE12, HNB013→NBE22 | G37: còn bảo vệ: mọi CSG vẫn về được AGG
A38: R7-05 | B38: R7 | C38: HNB013 → NBE22 | E38: — | F38: HNB005→NBE12, HNB062→NBE12, HNB021→NBE12, HNB013→NBE12 | G38: còn bảo vệ: mọi CSG vẫn về được AGG
A39: R8-01 | B39: R8 | C39: NBE12 → HNB066 | E39: — | F39: HNB066→NBE22, HNB016→NBE22, HNB038→NBE22 | G39: còn bảo vệ: mọi CSG vẫn về được AGG
A40: R8-02 | B40: R8 | C40: HNB066 → HNB016 | E40: — | F40: HNB066→NBE12, HNB016→NBE22, HNB038→NBE22 | G40: còn bảo vệ: mọi CSG vẫn về được AGG
A41: R8-03 | B41: R8 | C41: HNB016 → HNB038 | E41: — | F41: HNB066→NBE12, HNB016→NBE12, HNB038→NBE22 | G41: còn bảo vệ: mọi CSG vẫn về được AGG
A42: R8-04 | B42: R8 | C42: HNB038 → NBE22 | E42: — | F42: HNB066→NBE12, HNB016→NBE12, HNB038→NBE12 | G42: còn bảo vệ: mọi CSG vẫn về được AGG
A44: Cặp đoạn cùng ring đứt cùng lúc làm CSG mất hết link (nguy cơ nếu hai đoạn đi chung cáp/hành lang)
A45: Đoạn 1 | B45: Ring | C45: Đoạn 2 | D45: Chung hành lang (km) | E45: CSG bị cô lập | G45: Cảnh báo
A46: R1-01 | B46: R1 | C46: R1-02 | D46: 0.26 | E46: HNB059 | G46: CẦN KIỂM TRA: hai đoạn chung hành lang
A47: R1-01 | B47: R1 | C47: R1-03 | D47: 0.65 | E47: HNB059, HNB060 | G47: CẦN KIỂM TRA: hai đoạn chung hành lang
A48: R1-01 | B48: R1 | C48: R1-04 | D48: 0.95 | E48: HNB059, HNB060, HNB048 | G48: CẦN KIỂM TRA: hai đoạn chung hành lang
A49: R1-02 | B49: R1 | C49: R1-03 | D49: 1.24 | E49: HNB060 | G49: CẦN KIỂM TRA: hai đoạn chung hành lang
A50: R1-02 | B50: R1 | C50: R1-04 | D50: 0 | E50: HNB060, HNB048 | G50: hai đoạn riêng biệt
A51: R1-03 | B51: R1 | C51: R1-04 | D51: 0.06 | E51: HNB048 | G51: hai đoạn riêng biệt
A52: R2-01 | B52: R2 | C52: R2-02 | D52: 0.07 | E52: HNB054 | G52: hai đoạn riêng biệt
A53: R2-01 | B53: R2 | C53: R2-03 | D53: 0 | E53: HNB054, HNB006 | G53: hai đoạn riêng biệt
A54: R2-01 | B54: R2 | C54: R2-04 | D54: 0 | E54: HNB054, HNB006, HNB091 | G54: hai đoạn riêng biệt
A55: R2-02 | B55: R2 | C55: R2-03 | D55: 0.13 | E55: HNB006 | G55: hai đoạn riêng biệt
A56: R2-02 | B56: R2 | C56: R2-04 | D56: 0.35 | E56: HNB006, HNB091 | G56: CẦN KIỂM TRA: hai đoạn chung hành lang
A57: R2-03 | B57: R2 | C57: R2-04 | D57: 0.63 | E57: HNB091 | G57: CẦN KIỂM TRA: hai đoạn chung hành lang
... A110: R8-03 | B110: R8 | C110: R8-04 | D110: 0.13 | E110: HNB038 | G110: hai đoạn riêng biệt

Sheet Nút
A1: Nút: trạm cấp 1 (AGG) và CSG
A2: Toạ độ theo KML. Nút nhánh cụt (cấp 3) chỉ có một hướng đến.
A4: Mã | B4: Loại | C4: Ring | D4: Vai trò | E4: Vĩ độ | F4: Kinh độ | G4: Bản đồ
A5: NBE12 | B5: AGG | D5: trạm cấp 1 (AGG) | E5: 10.67009 | F5: 106.72322 | G5: =HYPERLINK("https://maps.google.com/?q="&E5&","&F5,"Mở bản đồ")
A6: NBE22 | B6: AGG | D6: trạm cấp 1 (AGG) | E6: 10.685521 | F6: 106.74529 | G6: =HYPERLINK("https://maps.google.com/?q="&E6&","&F6,"Mở bản đồ")
A7: HNB048 | B7: CSG | C7: R1 | D7: ring | E7: 10.64111 | F7: 106.72634 | G7: =HYPERLINK("https://maps.google.com/?q="&E7&","&F7,"Mở bản đồ")
A8: HNB059 | B8: CSG | C8: R1 | D8: ring | E8: 10.63649 | F8: 106.73631 | G8: =HYPERLINK("https://maps.google.com/?q="&E8&","&F8,"Mở bản đồ")
A9: HNB060 | B9: CSG | C9: R1 | D9: ring | E9: 10.61486 | F9: 106.73873 | G9: =HYPERLINK("https://maps.google.com/?q="&E9&","&F9,"Mở bản đồ")
A10: HNB006 | B10: CSG | C10: R2 | D10: ring | E10: 10.653644 | F10: 106.72841 | G10: =HYPERLINK("https://maps.google.com/?q="&E10&","&F10,"Mở bản đồ")
A11: HNB054 | B11: CSG | C11: R2 | D11: ring | E11: 10.66455 | F11: 106.72515 | G11: =HYPERLINK("https://maps.google.com/?q="&E11&","&F11,"Mở bản đồ")
A12: HNB091 | B12: CSG | C12: R2 | D12: ring | E12: 10.650443 | F12: 106.73294 | G12: =HYPERLINK("https://maps.google.com/?q="&E12&","&F12,"Mở bản đồ")
A13: HNB018 | B13: CSG | C13: R3 | D13: nhánh cụt (cấp 3) | E13: 10.68669 | F13: 106.70119 | G13: =HYPERLINK("https://maps.google.com/?q="&E13&","&F13,"Mở bản đồ")
A14: HNB055 | B14: CSG | C14: R3 | D14: ring | E14: 10.71031 | F14: 106.70687 | G14: =HYPERLINK("https://maps.google.com/?q="&E14&","&F14,"Mở bản đồ")
A15: HNB065 | B15: CSG | C15: R3 | D15: ring | E15: 10.70823 | F15: 106.70181 | G15: =HYPERLINK("https://maps.google.com/?q="&E15&","&F15,"Mở bản đồ")
A16: HNB094 | B16: CSG | C16: R3 | D16: ring | E16: 10.69566 | F16: 106.70504 | G16: =HYPERLINK("https://maps.google.com/?q="&E16&","&F16,"Mở bản đồ")
A17: HNB011 | B17: CSG | C17: R4 | D17: ring | E17: 10.71477 | F17: 106.70018 | G17: =HYPERLINK("https://maps.google.com/?q="&E17&","&F17,"Mở bản đồ")
A18: HNB056 | B18: CSG | C18: R4 | D18: ring | E18: 10.71801 | F18: 106.70142 | G18: =HYPERLINK("https://maps.google.com/?q="&E18&","&F18,"Mở bản đồ")
... A36: HNB066 | B36: CSG | C36: R8 | D36: ring | E36: 10.701067 | F36: 106.73851 | G36: =HYPERLINK("https://maps.google.com/?q="&E36&","&F36,"Mở bản đồ")

Sheet ODF CSG
A1: ODF tại các CSG — lưới cổng (hướng đến)
A2: Mỗi ODF 12 cổng (nhánh cụt 6). Màu theo hướng. Chi tiết đầu cáp ở sheet "ODF chi tiết". Ô trống = chưa ghi trong file nguồn.
A4: ODF | B4: Cổng 1 | C4: Cổng 2 | D4: Cổng 3 | E4: Cổng 4 | F4: Cổng 5 | G4: Cổng 6 | H4: Cổng 7 | I4: Cổng 8 | J4: Cổng 9 | K4: Cổng 10 | L4: Cổng 11 | M4: Cổng 12 | N4: Cổng có dữ liệu | O4: Hướng 1 | P4: Hướng 2
A5: ODF-HNB066 | B5: NBE12 | C5: NBE12 | D5: NBE12 | E5: NBE12 | F5: NBE12 | G5: NBE12 | H5: HNB016 | I5: HNB016 | J5: HNB016 | K5: HNB016 | L5: HNB016 | M5: HNB016 | N5: =12-COUNTBLANK(B5:M5) | O5: NBE12 | P5: HNB016
A6: ODF-HNB016 | B6: HNB066 | C6: HNB066 | D6: HNB066 | E6: HNB066 | F6: HNB066 | G6: HNB066 | H6: HNB066 | I6: HNB066 | J6: HNB038 | K6: HNB038 | L6: HNB038 | M6: HNB038 | N6: =12-COUNTBLANK(B6:M6) | O6: HNB066 | P6: HNB038
A7: ODF-HNB038 | B7: NBE22 | C7: NBE22 | D7: NBE22 | E7: NBE22 | F7: NBE22 | G7: NBE22 | H7: NBE22 | I7: NBE22 | J7: HNB016 | K7: HNB016 | L7: HNB016 | M7: HNB016 | N7: =12-COUNTBLANK(B7:M7) | O7: NBE22 | P7: HNB016
A8: ODF-HNB005 | B8: NBE12 | C8: NBE12 | D8: NBE12 | E8: NBE12 | F8: NBE12 | G8: NBE12 | H8: HNB062 | I8: HNB062 | J8: HNB062 | K8: HNB062 | L8: HNB062 | M8: HNB062 | N8: =12-COUNTBLANK(B8:M8) | O8: NBE12 | P8: HNB062
A9: ODF-HNB062 | B9: HNB021 | C9: HNB021 | D9: HNB021 | E9: HNB021 | F9: HNB021 | G9: HNB021 | H9: HNB005 | I9: HNB005 | J9: HNB005 | K9: HNB005 | L9: HNB005 | M9: HNB005 | N9: =12-COUNTBLANK(B9:M9) | O9: HNB021 | P9: HNB005
A10: ODF-HNB021 | B10: HNB062 | C10: HNB062 | D10: HNB062 | E10: HNB062 | F10: HNB062 | G10: HNB062 | H10: HNB013 | I10: HNB013 | J10: HNB013 | K10: HNB013 | L10: HNB013 | M10: HNB013 | N10: =12-COUNTBLANK(B10:M10) | O10: HNB062 | P10: HNB013
A11: ODF-HNB013 | B11: HNB021 | C11: HNB021 | D11: HNB021 | E11: HNB021 | F11: HNB021 | G11: HNB021 | H11: NBE22 | I11: NBE22 | J11: NBE22 | K11: NBE22 | L11: NBE22 | M11: NBE22 | N11: =12-COUNTBLANK(B11:M11) | O11: HNB021 | P11: NBE22
A12: ODF-HNB011 | B12: NBE12 | C12: NBE12 | D12: NBE12 | E12: NBE12 | F12: NBE12 | G12: NBE12 | H12: HNB056 | I12: HNB056 | J12: HNB056 | K12: HNB056 | L12: HNB056 | M12: HNB056 | N12: =12-COUNTBLANK(B12:M12) | O12: NBE12 | P12: HNB056
A13: ODF-HNB056 | B13: HNB011 | C13: HNB011 | D13: HNB011 | E13: HNB011 | F13: HNB011 | G13: HNB011 | H13: HNB071 | I13: HNB071 | J13: HNB071 | K13: HNB071 | L13: HNB071 | M13: HNB071 | N13: =12-COUNTBLANK(B13:M13) | O13: HNB011 | P13: HNB071
A14: ODF-HNB071 | B14: HNB056 | C14: HNB056 | D14: HNB056 | E14: HNB056 | F14: HNB056 | G14: HNB056 | H14: HNB073 | I14: HNB073 | J14: HNB073 | K14: HNB073 | L14: HNB073 | M14: HNB073 | N14: =12-COUNTBLANK(B14:M14) | O14: HNB056 | P14: HNB073
A15: ODF-HNB073 | B15: HNB071 | C15: HNB071 | D15: HNB071 | E15: HNB071 | F15: HNB071 | G15: HNB071 | H15: NBE22 | I15: NBE22 | J15: NBE22 | K15: NBE22 | L15: NBE22 | M15: NBE22 | N15: =12-COUNTBLANK(B15:M15) | O15: HNB071 | P15: NBE22
A16: ODF-HNB055 | B16: HNB065 | C16: HNB065 | D16: HNB065 | E16: HNB065 | F16: HNB065 | G16: HNB065 | H16: NBE12 | I16: NBE12 | J16: NBE12 | K16: NBE12 | L16: NBE12 | M16: NBE12 | N16: =12-COUNTBLANK(B16:M16) | O16: HNB065 | P16: NBE12
... A18: ODF-HNB094 | B18: HNB018 | C18: HNB018 | D18: HNB065 | E18: HNB065 | F18: NBE22 | G18: NBE22 | H18: MX_LVL-03 | I18: MX_LVL-03 | J18: MX_LVL-03 | K18: MX_LVL-03 | L18: MX_LVL-03 | M18: MX_LVL-03 | N18: =12-COUNTBLANK(B18:M18) | O18: HNB018 | P18: HNB065
A19: ODF-HNB018 | B19: HNB094 | C19: HNB094 | D19: HNB094 | E19: HNB094 | F19: HNB094 | G19: HNB094 | N19: =6-COUNTBLANK(B19:G19) | O19: HNB094
A20: ODF-HNB086 | B20: NBE12 | C20: NBE12 | D20: NBE12 | E20: NBE12 | F20: NBE12 | G20: NBE12 | H20: HNB024 | I20: HNB024 | J20: HNB024 | K20: HNB024 | L20: HNB024 | M20: HNB024 | N20: =12-COUNTBLANK(B20:M20) | O20: NBE12 | P20: HNB024
A21: ODF-HNB024 | B21: HNB086 | C21: HNB086 | D21: HNB086 | E21: HNB086 | F21: HNB086 | G21: HNB086 | H21: HNB027 | I21: HNB027 | J21: HNB027 | K21: HNB027 | L21: HNB027 | M21: HNB027 | N21: =12-COUNTBLANK(B21:M21) | O21: HNB086 | P21: HNB027
A22: ODF-HNB027 | B22: HNB024 | C22: HNB024 | D22: HNB024 | E22: HNB024 | F22: HNB024 | G22: HNB024 | H22: HNB031 | I22: HNB031 | J22: HNB031 | K22: HNB031 | L22: HNB031 | M22: HNB031 | N22: =12-COUNTBLANK(B22:M22) | O22: HNB024 | P22: HNB031
A23: ODF-HNB031 | B23: HNB027 | C23: HNB027 | D23: HNB027 | E23: HNB027 | F23: HNB027 | G23: HNB027 | H23: HNB020 | I23: HNB020 | J23: HNB020 | K23: HNB020 | L23: HNB020 | M23: HNB020 | N23: =12-COUNTBLANK(B23:M23) | O23: HNB027 | P23: HNB020
A24: ODF-HNB020 | B24: HNB027 | C24: HNB027 | D24: HNB027 | E24: HNB027 | F24: HNB027 | G24: HNB027 | H24: HNB020 | I24: HNB020 | J24: HNB020 | K24: HNB020 | L24: HNB020 | M24: HNB020 | N24: =12-COUNTBLANK(B24:M24) | O24: HNB027 | P24: HNB020
A25: ODF-HNB075 | B25: HNB014 | C25: HNB014 | D25: HNB014 | E25: HNB014 | F25: HNB014 | G25: HNB014 | H25: NBE22 | I25: NBE22 | J25: NBE22 | K25: NBE22 | L25: NBE22 | M25: NBE22 | N25: =12-COUNTBLANK(B25:M25) | O25: HNB014 | P25: NBE22
A26: ODF-HNB014 | N26: =12-COUNTBLANK(B26:M26)
A27: ODF-HNB012 | B27: NBE22 | C27: NBE22 | D27: NBE22 | E27: NBE22 | F27: MX_Phạm Hùng | G27: MX_Phạm Hùng | H27: MX_Phạm Hùng | I27: MX_Phạm Hùng | J27: MX_Phạm Hùng | K27: MX_Phạm Hùng | L27: MX_Phạm Hùng | M27: MX_Phạm Hùng | N27: =12-COUNTBLANK(B27:M27) | O27: NBE22 | P27: MX_Phạm Hùng
A28: ODF-HNB113 | B28: HNB012 | C28: HNB012 | D28: HNB012 | E28: HNB012 | F28: HNB012 | G28: HNB012 | N28: =6-COUNTBLANK(B28:G28) | O28: HNB012
A29: ODF-HNB054 | N29: =12-COUNTBLANK(B29:M29)
A30: ODF-HNB006 | N30: =12-COUNTBLANK(B30:M30)
A31: ODF-HNB091 | N31: =12-COUNTBLANK(B31:M31)
A32: ODF-HNB048 | N32: =12-COUNTBLANK(B32:M32)
A33: ODF-HNB060 | N33: =12-COUNTBLANK(B33:M33)
A34: ODF-HNB059 | N34: =12-COUNTBLANK(B34:M34)

Sheet ODF chi tiết
A1: ODF CSG — chi tiết từng cổng (trích nguyên văn ghi chú)
A3: Nút | B3: Cổng | C3: Nhãn E | D3: Hướng đến | E3: Số FO (ghi chú) | F3: Chỉ số mét (cs) | G3: Ghi chú gốc
A4: HNB066 | B4: 1 | C4: a | D4: NBE12 | E4: 8 | F4: 1814 | G4: To AGG-NBE12 / (MX_HTP-03) / POSTEF 8FO 2016 / cs 1814 / cáp tròn
A5: HNB066 | B5: 2 | C5: a | D5: NBE12 | E5: 8 | F5: 1814 | G5: To AGG-NBE12 / (MX_HTP-03) / POSTEF 8FO 2016 / cs 1814 / cáp tròn
A6: HNB066 | B6: 3 | D6: NBE12 | E6: 8 | F6: 1814 | G6: To AGG-NBE12 / (MX_HTP-03) / POSTEF 8FO 2016 / cs 1814 / cáp tròn
A7: HNB066 | B7: 4 | D7: NBE12 | E7: 8 | F7: 1814 | G7: To AGG-NBE12 / (MX_HTP-03) / POSTEF 8FO 2016 / cs 1814 / cáp tròn
A8: HNB066 | B8: 5 | D8: NBE12 | E8: 8 | F8: 1814 | G8: To AGG-NBE12 / (MX_HTP-03) / POSTEF 8FO 2016 / cs 1814 / cáp tròn
A9: HNB066 | B9: 6 | D9: NBE12 | E9: 8 | F9: 1814 | G9: To AGG-NBE12 / (MX_HTP-03) / POSTEF 8FO 2016 / cs 1814 / cáp tròn
A10: HNB066 | B10: 7 | D10: HNB016 | E10: 8 | F10: 5109 | G10: To HNB016 / VDF / 8FO / cs 5109 / cáp treo
A11: HNB066 | B11: 8 | D11: HNB016 | E11: 8 | F11: 5109 | G11: To HNB016 / VDF / 8FO / cs 5109 / cáp treo
A12: HNB066 | B12: 9 | D12: HNB016 | E12: 8 | F12: 5109 | G12: To HNB016 / VDF / 8FO / cs 5109 / cáp treo
A13: HNB066 | B13: 10 | D13: HNB016 | E13: 8 | F13: 5109 | G13: To HNB016 / VDF / 8FO / cs 5109 / cáp treo
A14: HNB066 | B14: 11 | D14: HNB016 | E14: 8 | F14: 5109 | G14: To HNB016 / VDF / 8FO / cs 5109 / cáp treo
A15: HNB066 | B15: 12 | D15: HNB016 | E15: 8 | F15: 5109 | G15: To HNB016 / VDF / 8FO / cs 5109 / cáp treo
A16: HNB016 | B16: 1 | D16: HNB066 | E16: 12 | F16: 2958 | G16: To HNB066 / POSTEF-2017 / 12FO / cs 2958 / cáp treo
A17: HNB016 | B17: 2 | D17: HNB066 | E17: 12 | F17: 2958 | G17: To HNB066 / POSTEF-2017 / 12FO / cs 2958 / cáp treo
... A99: HNB011 | B99: 12 | D99: HNB056 | E99: 12 | F99: 2144 | G99: To HNB056 / PRYSMIAN 2009 12FO / cs 2144 / cáp tròn /
A100: HNB056 | B100: 1 | D100: HNB011 | E100: 12 | G100: To HNB011 / PRYSMIAN 2009 12FO / cs / cáp tròn
A101: HNB056 | B101: 2 | D101: HNB011 | E101: 12 | G101: To HNB011 / PRYSMIAN 2009 12FO / cs / cáp tròn
A102: HNB056 | B102: 3 | D102: HNB011 | E102: 12 | G102: To HNB011 / PRYSMIAN 2009 12FO / cs / cáp tròn
A103: HNB056 | B103: 4 | D103: HNB011 | E103: 12 | G103: To HNB011 / PRYSMIAN 2009 12FO / cs / cáp tròn
A104: HNB056 | B104: 5 | D104: HNB011 | E104: 12 | G104: To HNB011 / PRYSMIAN 2009 12FO / cs / cáp tròn
A105: HNB056 | B105: 6 | D105: HNB011 | E105: 12 | G105: To HNB011 / PRYSMIAN 2009 12FO / cs / cáp tròn
A106: HNB056 | B106: 7 | D106: HNB071 | G106: To HNB071 /
A107: HNB056 | B107: 8 | D107: HNB071 | G107: To HNB071 /
A108: HNB056 | B108: 9 | D108: HNB071 | G108: To HNB071 /
A109: HNB056 | B109: 10 | D109: HNB071 | G109: To HNB071 /
A110: HNB056 | B110: 11 | D110: HNB071 | G110: To HNB071 /
A111: HNB056 | B111: 12 | D111: HNB071 | G111: To HNB071 /
A112: HNB071 | B112: 1 | D112: HNB056 | G112: To HNB056
A113: HNB071 | B113: 2 | D113: HNB056 | G113: To HNB056
A114: HNB071 | B114: 3 | D114: HNB056 | G114: To HNB056
A115: HNB071 | B115: 4 | D115: HNB056 | G115: To HNB056
A116: HNB071 | B116: 5 | D116: HNB056 | G116: To HNB056
A117: HNB071 | B117: 6 | D117: HNB056 | G117: To HNB056
A118: HNB071 | B118: 7 | D118: HNB073 | E118: 8 | F118: 0023 | G118: To HNB073 / POSTEF 8FO 2017 / (cs 0023) / cáp treo
A119: HNB071 | B119: 8 | D119: HNB073 | E119: 8 | F119: 0023 | G119: To HNB073 / POSTEF 8FO 2017 / (cs 0023) / cáp treo
A120: HNB071 | B120: 9 | D120: HNB073 | E120: 8 | F120: 0023 | G120: To HNB073 / POSTEF 8FO 2017 / (cs 0023) / cáp treo
A121: HNB071 | B121: 10 | D121: HNB073 | E121: 8 | F121: 0023 | G121: To HNB073 / POSTEF 8FO 2017 / (cs 0023) / cáp treo
A122: HNB071 | B122: 11 | D122: HNB073 | E122: 8 | F122: 0023 | G122: To HNB073 / POSTEF 8FO 2017 / (cs 0023) / cáp treo
A123: HNB071 | B123: 12 | D123: HNB073 | E123: 8 | F123: 0023 | G123: To HNB073 / POSTEF 8FO 2017 / (cs 0023) / cáp treo
A124: HNB073 | B124: 1 | D124: HNB071 | E124: 8 | F124: 0023 | G124: To HNB071 / POSTEF 8FO 2017 / (cs 0023) / cáp treo
A125: HNB073 | B125: 2 | D125: HNB071 | E125: 8 | F125: 0023 | G125: To HNB071 / POSTEF 8FO 2017 / (cs 0023) / cáp treo
A126: HNB073 | B126: 3 | D126: HNB071 | E126: 8 | F126: 0023 | G126: To HNB071 / POSTEF 8FO 2017 / (cs 0023) / cáp treo
A127: HNB073 | B127: 4 | D127: HNB071 | E127: 8 | F127: 0023 | G127: To HNB071 / POSTEF 8FO 2017 / (cs 0023) / cáp treo
A128: HNB073 | B128: 5 | D128: HNB071 | E128: 8 | F128: 0023 | G128: To HNB071 / POSTEF 8FO 2017 / (cs 0023) / cáp treo
A129: HNB073 | B129: 6 | D129: HNB071 | E129: 8 | F129: 0023 | G129: To HNB071 / POSTEF 8FO 2017 / (cs 0023) / cáp treo
A130: HNB073 | B130: 7 | D130: NBE22 | F130: 2285 | G130: To AGG-NBE22 / (MX_LVL-02) / VINA-OFC 2017 / (cs 2285) / cáp treo
A131: HNB073 | B131: 8 | D131: NBE22 | F131: 2285 | G131: To AGG-NBE22 / (MX_LVL-02) / VINA-OFC 2017 / (cs 2285) / cáp treo
A132: HNB073 | B132: 9 | D132: NBE22 | F132: 2285 | G132: To AGG-NBE22 / (MX_LVL-02) / VINA-OFC 2017 / (cs 2285) / cáp treo
A133: HNB073 | B133: 10 | D133: NBE22 | F133: 2285 | G133: To AGG-NBE22 / (MX_LVL-02) / VINA-OFC 2017 / (cs 2285) / cáp treo
A134: HNB073 | B134: 11 | D134: NBE22 | F134: 2285 | G134: To AGG-NBE22 / (MX_LVL-02) / VINA-OFC 2017 / (cs 2285) / cáp treo
A135: HNB073 | B135: 12 | D135: NBE22 | F135: 2285 | G135: To AGG-NBE22 / (MX_LVL-02) / VINA-OFC 2017 / (cs 2285) / cáp treo
A136: HNB055 | B136: 1 | D136: HNB065 | E136: 8 | F136: 0070 | G136: To HNB065 / POSTEF 8FO 6/2019 / (cs 0070) / cáp treo
A137: HNB055 | B137: 2 | D137: HNB065 | E137: 8 | F137: 0070 | G137: To HNB065 / POSTEF 8FO 6/2019 / (cs 0070) / cáp treo
A138: HNB055 | B138: 3 | D138: HNB065 | E138: 8 | F138: 0070 | G138: To HNB065 / POSTEF 8FO 6/2019 / (cs 0070) / cáp treo
A139: HNB055 | B139: 4 | D139: HNB065 | E139: 8 | F139: 0070 | G139: To HNB065 / POSTEF 8FO 6/2019 / (cs 0070) / cáp treo
A140: HNB055 | B140: 5 | D140: HNB065 | E140: 8 | F140: 0070 | G140: To HNB065 / POSTEF 8FO 6/2019 / (cs 0070) / cáp treo
A141: HNB055 | B141: 6 | D141: HNB065 | E141: 8 | F141: 0070 | G141: To HNB065 / POSTEF 8FO 6/2019 / (cs 0070) / cáp treo
A142: HNB055 | B142: 7 | D142: NBE12 | E142: 8 | F142: 1666 | G142: To AGG-NBE12 / (MX_LVL-02) / POSTEF 8FO 6/2019 / (cs 1666) / cáp treo
A143: HNB055 | B143: 8 | D143: NBE12 | E143: 8 | F143: 1666 | G143: To AGG-NBE12 / (MX_LVL-02) / POSTEF 8FO 6/2019 / (cs 1666) / cáp treo
A144: HNB055 | B144: 9 | D144: NBE12 | E144: 8 | F144: 1666 | G144: To AGG-NBE12 / (MX_LVL-02) / POSTEF 8FO 6/2019 / (cs 1666) / cáp treo
A145: HNB055 | B145: 10 | D145: NBE12 | E145: 8 | F145: 1666 | G145: To AGG-NBE12 / (MX_LVL-02) / POSTEF 8FO 6/2019 / (cs 1666) / cáp treo
A146: HNB055 | B146: 11 | D146: NBE12 | E146: 8 | F146: 1666 | G146: To AGG-NBE12 / (MX_LVL-02) / POSTEF 8FO 6/2019 / (cs 1666) / cáp treo
A147: HNB055 | B147: 12 | D147: NBE12 | E147: 8 | F147: 1666 | G147: To AGG-NBE12 / (MX_LVL-02) / POSTEF 8FO 6/2019 / (cs 1666) / cáp treo
... A159: HNB065 | B159: 12 | D159: HNB094 | E159: 12 | F159: 0126 | G159: To HNB094 / (MX_LVL-02) / SACOM 12F0 3/2016 / (cs 0126) / cáp treo
A160: HNB094 | B160: 1 | D160: HNB018 | G160: HNB018
A161: HNB094 | B161: 2 | D161: HNB018 | G161: HNB018
A162: HNB094 | B162: 3 | D162: HNB065 | G162: HNB065
A163: HNB094 | B163: 4 | D163: HNB065 | G163: HNB065
A164: HNB094 | B164: 5 | D164: NBE22 | G164: AGG-NBE22
A165: HNB094 | B165: 6 | D165: NBE22 | G165: AGG-NBE22
A166: HNB094 | B166: 7 | D166: MX_LVL-03 | E166: 12 | G166: To MX_LVL-03 / SACOM 2014 12FO / (cs ) / cáp treo
A167: HNB094 | B167: 8 | D167: MX_LVL-03 | E167: 12 | G167: To MX_LVL-03 / SACOM 2014 12FO / (cs ) / cáp treo
A168: HNB094 | B168: 9 | D168: MX_LVL-03 | E168: 12 | G168: To MX_LVL-03 / SACOM 2014 12FO / (cs ) / cáp treo
A169: HNB094 | B169: 10 | D169: MX_LVL-03 | E169: 12 | G169: To MX_LVL-03 / SACOM 2014 12FO / (cs ) / cáp treo
A170: HNB094 | B170: 11 | D170: MX_LVL-03 | E170: 12 | G170: To MX_LVL-03 / SACOM 2014 12FO / (cs ) / cáp treo
A171: HNB094 | B171: 12 | D171: MX_LVL-03 | E171: 12 | G171: To MX_LVL-03 / SACOM 2014 12FO / (cs ) / cáp treo
A172: HNB018 | B172: 1 | D172: HNB094 | E172: 6 | G172: To HNB094 / POSTEF 8/2019 / 6FO -2143
A173: HNB018 | B173: 2 | D173: HNB094 | E173: 6 | G173: To HNB094 / POSTEF 8/2019 / 6FO -2143
A174: HNB018 | B174: 3 | D174: HNB094 | E174: 6 | G174: To HNB094 / POSTEF 8/2019 / 6FO -2143
A175: HNB018 | B175: 4 | D175: HNB094 | E175: 6 | G175: To HNB094 / POSTEF 8/2019 / 6FO -2143
A176: HNB018 | B176: 5 | D176: HNB094 | E176: 6 | G176: To HNB094 / POSTEF 8/2019 / 6FO -2143
A177: HNB018 | B177: 6 | D177: HNB094 | E177: 6 | G177: To HNB094 / POSTEF 8/2019 / 6FO -2143
... A249: HNB075 | B249: 12 | D249: NBE22 | E249: 8 | G249: To AGG-NBE22 / (MX_LVL01) / Focal 2007 8F0 / cáp treo
A250: HNB014 | B250: 1
A251: HNB014 | B251: 2
A252: HNB014 | B252: 3
A253: HNB014 | B253: 4
A254: HNB014 | B254: 5
A255: HNB014 | B255: 6
A256: HNB014 | B256: 7
A257: HNB014 | B257: 8
A258: HNB014 | B258: 9
A259: HNB014 | B259: 10
A260: HNB014 | B260: 11
A261: HNB014 | B261: 12
A262: HNB012 | B262: 1 | D262: NBE22 | E262: 6 | G262: To AGG-NBE22 / Focal 9/2020 / 6FO-2692
A263: HNB012 | B263: 2 | D263: NBE22 | E263: 6 | G263: To AGG-NBE22 / Focal 9/2020 / 6FO-2692
A264: HNB012 | B264: 3 | D264: NBE22 | E264: 6 | G264: To AGG-NBE22 / Focal 9/2020 / 6FO-2692
...

Sheet ODF AGG
A1: ODF tại hai trạm AGG (NBE22 trái / Nguyễn Bình–Nguyễn Văn Tạo phải)
A2: Các cột số là giá trị OTDR/chỉ số ghi tay (mét), ngày ghi trong file nguồn 10–11/2020; ý nghĩa từng cột chưa được xác nhận.
A4: Phía | B4: ODF | C4: Cổng | D4: Cột O | E4: Đích ghi chú | F4: Số 1 (m) | G4: Số 2 (m) | H4: Số 3 (m) | I4: Ghi chú | J4: Cột T | K4: Cột U
A5: trai | B5: ODF-01 (POSTEF cs 1816 ) / NBE22 | C5: 1 | E5: HNB075 ring 5 | F5: 9800 | G5: 9817 | H5: 11730
A6: trai | B6: ODF-01 (POSTEF cs 1816 ) / NBE22 | C6: 2 | E6: HNB075 ring 5 | F6: 9800 | G6: 9817 | H6: 11730
A7: trai | B7: ODF-01 (POSTEF cs 1816 ) / NBE22 | C7: 3 | E7: HNB073 ring4 | F7: 9559 | G7: 9562 | H7: 9633
A8: trai | B8: ODF-01 (POSTEF cs 1816 ) / NBE22 | C8: 4 | E8: HNB073 ring4 | F8: 9559 | G8: 9562 | H8: 9633
A9: trai | B9: ODF-01 (POSTEF cs 1816 ) / NBE22 | C9: 5 | E9: HNB094 ring 3 | F9: 7700 | G9: 7650 | H9: 7705
A10: trai | B10: ODF-01 (POSTEF cs 1816 ) / NBE22 | C10: 6 | E10: HNB094 ring 3 | F10: 7700 | G10: 7650 | H10: 7705
A11: trai | B11: ODF-01 (POSTEF cs 1816 ) / NBE22 | C11: 7 | E11: NBE12-02(7,8) / Hướng PHL | F11: 12900 | G11: 12904 | H11: 12904
A12: trai | B12: ODF-01 (POSTEF cs 1816 ) / NBE22 | C12: 8 | E12: NBE12-02(7,8) / Hướng PHL | F12: 12900 | G12: 12904 | H12: 12904
A13: trai | B13: ODF-01 (POSTEF cs 1816 ) / NBE22 | C13: 9 | E13: HNB038 ring 8 | F13: ~2300 | G13: 2647 | H13: 2647
A14: trai | B14: ODF-01 (POSTEF cs 1816 ) / NBE22 | C14: 10 | E14: HNB038 ring 8 | F14: ~2300 | G14: 2647 | H14: 2647
A15: trai | B15: ODF-01 (POSTEF cs 1816 ) / NBE22 | C15: 11 | E15: MX đầu hẽm 1806 | F15: ~1800 | G15: 1933 | H15: 1933
A16: trai | B16: ODF-01 (POSTEF cs 1816 ) / NBE22 | C16: 12 | E16: MX đầu hẽm 1806 | F16: ~1800 | G16: 1933 | H16: 1933
A17: trai | B17: ODF-01 (POSTEF cs 1816 ) / NBE22 | C17: 13 | E17: MX_HTP-03A | F17: 250 | G17: 250 | H17: 250 | I17: Dùng cho DWDM Vinanet / ngưng từ 16/05/2025
A18: trai | B18: ODF-01 (POSTEF cs 1816 ) / NBE22 | C18: 14 | E18: MX_HTP-03A | F18: 250 | G18: 250 | H18: 250 | I18: Dùng cho DWDM Vinanet / ngưng từ 16/05/2025
A19: trai | B19: ODF-01 (POSTEF cs 1816 ) / NBE22 | C19: 15 | E19: MX_HTP-03A | F19: 250 | G19: 250 | H19: 250 | I19: Dùng cho DWDM Vinanet / ngưng từ 16/05/2025
A20: trai | B20: ODF-01 (POSTEF cs 1816 ) / NBE22 | C20: 16 | E20: MX_HTP-03A | F20: 250 | G20: 250 | H20: 250 | I20: Dùng cho DWDM Vinanet / ngưng từ 16/05/2025
A21: trai | B21: ODF-01 (POSTEF cs 1816 ) / NBE22 | C21: 17 | E21: MX_HTP-03A | F21: 250 | G21: 250 | H21: 250 | I21: Dùng cho DWDM Vinanet / ngưng từ 16/05/2025
A22: trai | B22: ODF-01 (POSTEF cs 1816 ) / NBE22 | C22: 18 | E22: MX_HTP-03A | F22: 250 | G22: 250 | H22: 250 | I22: Dùng cho DWDM Vinanet / ngưng từ 16/05/2025
A23: trai | B23: ODF-01 (POSTEF cs 1816 ) / NBE22 | C23: 19 | E23: HNB013 ring 7 | F23: 688 | G23: 688 | H23: 688
A24: trai | B24: ODF-01 (POSTEF cs 1816 ) / NBE22 | C24: 20 | E24: HNB013 ring 7 | F24: 688 | G24: 688 | H24: 688
A25: trai | B25: ODF-01 (POSTEF cs 1816 ) / NBE22 | C25: 21 | E25: HNB013 | F25: 688 | G25: 688 | H25: 688
A26: trai | B26: ODF-01 (POSTEF cs 1816 ) / NBE22 | C26: 22 | E26: HNB013 | F26: 688 | G26: 688 | H26: 688
A27: trai | B27: ODF-01 (POSTEF cs 1816 ) / NBE22 | C27: 23 | E27: HNB013 | F27: 688 | G27: 688 | H27: 688
A28: trai | B28: ODF-01 (POSTEF cs 1816 ) / NBE22 | C28: 24 | E28: HNB013 | F28: 688 | G28: 688 | H28: 688
A29: trai | B29: ODF-02 (POSTEF cs 1288) / NBE22 | C29: 1 | E29: HNB091 ring 2 | F29: 14800 | G29: 1678 | H29: 16028
A30: trai | B30: ODF-02 (POSTEF cs 1288) / NBE22 | C30: 2 | E30: HNB091 ring 2 | F30: 14800 | G30: 1678 | H30: 16028
A31: trai | B31: ODF-02 (POSTEF cs 1288) / NBE22 | C31: 3 | E31: HNB048 ring 1 | F31: 15900 | G31: 1678 | H31: 17153
A32: trai | B32: ODF-02 (POSTEF cs 1288) / NBE22 | C32: 4 | E32: HNB048 ring 1 | F32: 15900 | G32: 1678 | H32: 17153
A33: trai | B33: ODF-02 (POSTEF cs 1288) / NBE22 | C33: 5 | E33: MX_NVT-03B | F33: 14500 | G33: 1678 | H33: 15455
A34: trai | B34: ODF-02 (POSTEF cs 1288) / NBE22 | C34: 6 | E34: MX_NVT-03B | F34: 14500 | G34: 1678 | H34: 15455
... A36: trai | B36: ODF-02 (POSTEF cs 1288) / NBE22 | C36: 8 | E36: HNB020 ring 6 | F36: 2300 | G36: 1678 | H36: 2401
A37: trai | B37: ODF-02 (POSTEF cs 1288) / NBE22 | C37: 9 | E37: NBE12-01 (21,22) / Hướng NB | F37: 5000 | G37: 1678 | H37: 5581 | I37: TTC gói Long An, CG23, dùng từ đây đến mx NB-NVT
A38: trai | B38: ODF-02 (POSTEF cs 1288) / NBE22 | C38: 10 | E38: NBE12-01 (21,22) / Hướng NB | F38: 5000 | G38: 1678 | H38: 5581 | I38: TTC gói Long An, CG23, dùng từ đây đến mx NB-NVT
A39: trai | B39: ODF-02 (POSTEF cs 1288) / NBE22 | C39: 11 | E39: NBE12-01 (23,24) / Hướng NB | F39: 5000 | G39: 1678 | H39: 5581
A40: trai | B40: ODF-02 (POSTEF cs 1288) / NBE22 | C40: 12 | E40: NBE12-01 (23,24) / Hướng NB | F40: 5000 | G40: 1678 | H40: 5581
A41: trai | B41: ODF-02 (POSTEF cs 1288) / NBE22 | C41: 13 | E41: MX_HTP-03B | F41: 260 | G41: ~ | H41: ~ | I41: Dùng cho DWDM Vinanet
A42: trai | B42: ODF-02 (POSTEF cs 1288) / NBE22 | C42: 14 | E42: MX_HTP-03B | F42: 260 | G42: ~ | H42: ~ | I42: Dùng cho DWDM Vinanet
A43: trai | B43: ODF-02 (POSTEF cs 1288) / NBE22 | C43: 15 | E43: MX_HTP-03B | F43: 260 | G43: ~ | H43: ~ | I43: Dùng cho DWDM Vinanet
A44: trai | B44: ODF-02 (POSTEF cs 1288) / NBE22 | C44: 16 | E44: MX_HTP-03B | F44: 260 | G44: ~ | H44: ~ | I44: Dùng cho DWDM Vinanet
A45: trai | B45: ODF-02 (POSTEF cs 1288) / NBE22 | C45: 17 | E45: MX_HTP-03B | F45: 260 | G45: ~ | H45: ~ | I45: Dùng cho DWDM Vinanet
A46: trai | B46: ODF-02 (POSTEF cs 1288) / NBE22 | C46: 18 | E46: MX_HTP-03B | F46: 260 | G46: ~ | H46: ~ | I46: Dùng cho DWDM Vinanet
A47: trai | B47: ODF-02 (POSTEF cs 1288) / NBE22 | C47: 19 | E47: MX_HTP-03B | F47: 260 | G47: ~ | H47: ~
A48: trai | B48: ODF-02 (POSTEF cs 1288) / NBE22 | C48: 20 | E48: MX_HTP-03B | F48: 260 | G48: ~ | H48: ~
A49: trai | B49: ODF-02 (POSTEF cs 1288) / NBE22 | C49: 21 | E49: MX_HTP-03B | F49: 260 | G49: ~ | H49: ~
A50: trai | B50: ODF-02 (POSTEF cs 1288) / NBE22 | C50: 22 | E50: MX_HTP-03B | F50: 260 | G50: ~ | H50: ~
A51: trai | B51: ODF-02 (POSTEF cs 1288) / NBE22 | C51: 23 | E51: MX_HTP-03B | F51: 260 | G51: ~ | H51: ~ | I51: TTC gói Long An, dùng nhập trạm
A52: trai | B52: ODF-02 (POSTEF cs 1288) / NBE22 | C52: 24 | E52: MX_HTP-03B | F52: 260 | G52: ~ | H52: ~ | I52: TTC gói Long An, dùng nhập trạm
A53: phai | B53: ODF-01 POSTEF 11/2016 (cs 3027) / Nguyễn Bình | C53: 1 | D53: 7 | E53: LACG43 TTC | F53: 7000 | G53: 7652 | H53: 16341 | I53: phối cáp ttc tại mx hem 1534 lvl | J53: 16329 | K53: 3500
A54: phai | B54: ODF-01 POSTEF 11/2016 (cs 3027) / Nguyễn Bình | C54: 2 | D54: 8 | E54: LACG43 TTC | F54: 7000 | G54: 7652 | H54: 16341 | J54: 16329 | K54: 5300
A55: phai | B55: ODF-01 POSTEF 11/2016 (cs 3027) / Nguyễn Bình | C55: 3 | D55: 9 | F55: 7000 | G55: 7728 | H55: 16055 | J55: 16040 | K55: 349
A56: phai | B56: ODF-01 POSTEF 11/2016 (cs 3027) / Nguyễn Bình | C56: 4 | D56: 10 | F56: 7000 | G56: 7728 | H56: 16055 | J56: 16040 | K56: 349
A57: phai | B57: ODF-01 POSTEF 11/2016 (cs 3027) / Nguyễn Bình | C57: 5 | D57: 11 | E57: HNB011 ring 4 | F57: 3300 | G57: 9630 | H57: 3581 | J57: 4233
A58: phai | B58: ODF-01 POSTEF 11/2016 (cs 3027) / Nguyễn Bình | C58: 6 | D58: 12 | E58: HNB011 ring 4 | F58: 3300 | G58: 9630 | H58: 3581 | J58: 4233
A59: phai | B59: ODF-01 POSTEF 11/2016 (cs 3027) / Nguyễn Bình | C59: 7 | D59: 1 | E59: HNB012 ring 5 | F59: 8000 | G59: 9251 | H59: 7230 | J59: 8456
A60: phai | B60: ODF-01 POSTEF 11/2016 (cs 3027) / Nguyễn Bình | C60: 8 | D60: 2 | E60: HNB012 ring 5 | F60: 8000 | G60: 9251 | H60: 7230 | J60: 8456
A61: phai | B61: ODF-01 POSTEF 11/2016 (cs 3027) / Nguyễn Bình | C61: 9 | D61: 3 | E61: Hư | F61: 8900 | H61: 9629 | J61: 9615 | K61: 350
A62: phai | B62: ODF-01 POSTEF 11/2016 (cs 3027) / Nguyễn Bình | C62: 10 | D62: 4 | E62: Hư | F62: 8900 | H62: 9629 | J62: 9615 | K62: 350
A63: phai | B63: ODF-01 POSTEF 11/2016 (cs 3027) / Nguyễn Bình | C63: 11 | D63: 5 | E63: HNB055 ring 3 | F63: 9700 | G63: 1352 | H63: 1352 | J63: 10390
A64: phai | B64: ODF-01 POSTEF 11/2016 (cs 3027) / Nguyễn Bình | C64: 12 | D64: 6 | E64: HNB055 ring 3 | F64: 9700 | G64: 1352 | H64: 1352 | J64: 10390
A65: phai | B65: ODF-01 POSTEF 11/2016 (cs 3027) / Nguyễn Bình | C65: 13 | F65: 7000 | G65: 12811 | H65: 6918 | J65: 11101 | K65: 10220
A66: phai | B66: ODF-01 POSTEF 11/2016 (cs 3027) / Nguyễn Bình | C66: 14 | F66: 7000 | G66: 12906 | H66: 6918 | J66: 6630 | K66: 6730
A67: phai | B67: ODF-01 POSTEF 11/2016 (cs 3027) / Nguyễn Bình | C67: 15 | F67: 7000 | G67: hư | H67: 6918 | J67: 6630 | K67: 6730
A68: phai | B68: ODF-01 POSTEF 11/2016 (cs 3027) / Nguyễn Bình | C68: 16 | F68: 7000 | G68: 10634 | H68: 6918 | J68: 9239 | K68: 9340
A69: phai | B69: ODF-01 POSTEF 11/2016 (cs 3027) / Nguyễn Bình | C69: 17 | E69: MTC Vinanet | F69: 3300 | G69: 11428 | H69: 4246 | I69: phối cáp ngoài mx nb-nvt | J69: 6630 | K69: MTC VNN
A70: phai | B70: ODF-01 POSTEF 11/2016 (cs 3027) / Nguyễn Bình | C70: 18 | E70: MTC Vinanet | F70: 3300 | G70: 11478 | H70: 4246 | I70: phối cáp ngoài mx nb-nvt | J70: 9229 | K70: MTC VNN
A71: phai | B71: ODF-01 POSTEF 11/2016 (cs 3027) / Nguyễn Bình | C71: 19 | E71: HNB086 ring 6 | F71: 2700 | G71: 3075 | H71: 3075 | J71: 3084
A72: phai | B72: ODF-01 POSTEF 11/2016 (cs 3027) / Nguyễn Bình | C72: 20 | E72: HNB086 ring 6 | F72: 2700 | G72: 3076 | H72: 3075 | J72: 3084
A73: phai | B73: ODF-01 POSTEF 11/2016 (cs 3027) / Nguyễn Bình | C73: 21 | E73: NBE22-02(9,10) | F73: 5000 | G73: hu | H73: 5564 | J73: 5571
A74: phai | B74: ODF-01 POSTEF 11/2016 (cs 3027) / Nguyễn Bình | C74: 22 | E74: NBE22-02(9,10) | F74: 5000 | G74: 3895 | H74: 5547 | J74: 5571
A75: phai | B75: ODF-01 POSTEF 11/2016 (cs 3027) / Nguyễn Bình | C75: 23 | E75: NBE22-02(11,12) | F75: 5000 | G75: 3885 | H75: 5547 | J75: 5571
A76: phai | B76: ODF-01 POSTEF 11/2016 (cs 3027) / Nguyễn Bình | C76: 24 | E76: NBE22-02(11,12) | F76: 5000 | G76: 3880 | H76: 5547 | J76: 5571
A77: phai | B77: ODF-02 (ADSS 09/2009 ) / Nguyễn Văn Tạo | C77: 1 | E77: HNB054 ring 2 | F77: 850 | G77: 982 | H77: 988 | J77: 988
A78: phai | B78: ODF-02 (ADSS 09/2009 ) / Nguyễn Văn Tạo | C78: 2 | E78: HNB054 ring 2 | F78: 850 | G78: 982 | H78: 988 | J78: 988
A79: phai | B79: ODF-02 (ADSS 09/2009 ) / Nguyễn Văn Tạo | C79: 3 | E79: HNB059 ring 1 | F79: 4300 | G79: 2926 | H79: 4672 | J79: 4672
A80: phai | B80: ODF-02 (ADSS 09/2009 ) / Nguyễn Văn Tạo | C80: 4 | E80: HNB059 ring 1 | F80: 4300 | G80: 2926 | H80: 4672 | J80: 4672
A81: phai | B81: ODF-02 (ADSS 09/2009 ) / Nguyễn Văn Tạo | C81: 5 | E81: MX_NVT-03A | F81: 2500 | G81: 2923 | H81: 1881 | I81: TTC gói Long An-hủy | J81: 1887
A82: phai | B82: ODF-02 (ADSS 09/2009 ) / Nguyễn Văn Tạo | C82: 6 | E82: MX_NVT-03A | F82: 2500 | G82: 2923 | H82: 2722 | I82: TTC gói Long An-hủy | J82: 1887
A83: phai | B83: ODF-02 (ADSS 09/2009 ) / Nguyễn Văn Tạo | C83: 7 | E83: NBE22-01(7,8) | F83: 12900 | G83: 2716 | H83: 2716 | J83: 17683
A84: phai | B84: ODF-02 (ADSS 09/2009 ) / Nguyễn Văn Tạo | C84: 8 | E84: NBE22-01(7,8) | F84: 12900 | G84: 2716 | H84: 2716 | J84: 17683
A85: phai | B85: ODF-02 (ADSS 09/2009 ) / Nguyễn Văn Tạo | C85: 9 | E85: HNB066 ring 8 | F85: 10500 | G85: 2716 | H85: 2716 | J85: 15404 | K85: 16190
A86: phai | B86: ODF-02 (ADSS 09/2009 ) / Nguyễn Văn Tạo | C86: 10 | E86: HNB066 ring 8 | F86: 10500 | G86: 2926 | H86: 2716 | J86: 15404
A87: phai | B87: ODF-02 (ADSS 09/2009 ) / Nguyễn Văn Tạo | C87: 11 | E87: HNB005 ring7 | F87: 11420 | G87: 2716 | H87: 2716 | J87: 8980
A88: phai | B88: ODF-02 (ADSS 09/2009 ) / Nguyễn Văn Tạo | C88: 12 | E88: HNB005 ring7 | F88: 11420 | G88: 2716 | H88: 2716 | J88: 8980
A89: phai | B89: ODF-02 (ADSS 09/2009 ) / Nguyễn Văn Tạo | C89: 13 | E89: CRAN HNB072 | F89: 151
A90: phai | B90: ODF-02 (ADSS 09/2009 ) / Nguyễn Văn Tạo | C90: 14 | E90: CRAN HNB072 | F90: 151
A91: phai | B91: ODF-02 (ADSS 09/2009 ) / Nguyễn Văn Tạo | C91: 15 | E91: CRAN HNB072 | F91: 151 | G91: ~
A92: phai | B92: ODF-02 (ADSS 09/2009 ) / Nguyễn Văn Tạo | C92: 16 | E92: CRAN HNB072 | F92: 151
A93: phai | B93: ODF-02 (ADSS 09/2009 ) / Nguyễn Văn Tạo | C93: 17 | E93: CRAN HNB072 | F93: 151 | G93: ~
A94: phai | B94: ODF-02 (ADSS 09/2009 ) / Nguyễn Văn Tạo | C94: 18 | E94: CRAN HNB072 | F94: 151
A95: phai | B95: ODF-02 (ADSS 09/2009 ) / Nguyễn Văn Tạo | C95: 19 | E95: AGG12 | F95: 151 | G95: hư | H95: ~
A96: phai | B96: ODF-02 (ADSS 09/2009 ) / Nguyễn Văn Tạo | C96: 20 | E96: AGG12 | F96: 151 | G96: hư
A97: phai | B97: ODF-02 (ADSS 09/2009 ) / Nguyễn Văn Tạo | C97: 21 | E97: AGG12 | F97: 151 | G97: hư | H97: ~
A98: phai | B98: ODF-02 (ADSS 09/2009 ) / Nguyễn Văn Tạo | C98: 22 | E98: AGG12 | F98: 151 | G98: hư
A99: phai | B99: ODF-02 (ADSS 09/2009 ) / Nguyễn Văn Tạo | C99: 23 | E99: AGG12 | F99: 151 | G99: hư | H99: ~
A100: phai | B100: ODF-02 (ADSS 09/2009 ) / Nguyễn Văn Tạo | C100: 24 | E100: AGG12 | F100: 151 | G100: hư

Sheet Cáp
A1: Danh sách cáp theo sổ "độ dài cáp Nhà Bè"
A2: Đầu/cuối là măng xông hoặc trạm; độ dài mét; cột cs = chỉ số mét ở hai đầu cáp (nhiều ô trống: cần bổ sung để đổi OTDR ↔ vị trí).
A4: STT | B4: Đầu | C4: Cuối | D4: cs đầu | E4: cs cuối | F4: Mã cáp | G4: Số FO | H4: Dài (m) | I4: Ghi chú
A5: 1 | B5: MX cầu Phú Xuân | C5: HNB066 | E5: 1814 | F5: POSTEF 2016 | G5: 8 | H5: 150
A6: 2 | B6: MX cầu Phú Xuân | C6: MX hẽm 1806 | G6: 12 | H6: 533
A7: 3 | B7: MX hẽm 1806 | C7: MX nhập dài SG mới | E7: 4000 | F7: FOCAL | G7: 12 | H7: 1704
A8: 4 | B8: HNB066 | C8: MX | D8: 5109 | F8: VDF | G8: 8 | H8: 200
A9: 5 | B9: MX | C9: HNB016 | E9: 2958 | F9: POSTEF 2017 | G9: 8 | H9: 300
A10: 6 | B10: HNB016 | C10: HNB038 | D10: 991 | E10: 395 | F10: RECOIN 12/2016 | G10: 4 | H10: 600
A11: 7 | B11: HNB038 | C11: MX hẽm 1806 | D11: 1948 | F11: POSTEF 1/2019 | G11: 8 | H11: 714
A12: 8 | B12: MX hẽm 1806 | C12: HNB005 | E12: 1590 | F12: VINA-OFC 2016 | G12: 8 | H12: 449
A13: 9 | B13: HNB005 | C13: HNB062 | D13: 1 | E13: 1248 | F13: POSTEF 1/2019 | G13: 8 | H13: 1268
A14: 10 | B14: HNB062 | C14: MX | D14: 4065 | E14: 3829 | F14: ETCC-2009 | G14: 8 | H14: 236
A15: 11 | B15: MX | C15: HNB021 | D15: 134 | E15: 911 | F15: FIBERHOME AERIAL | G15: 8 | H15: 777
A16: 12 | B16: HNB021 | C16: MX | D16: 2888 | F16: VINACAP | G16: 8 | H16: 660
A17: 13 | B17: MX | C17: HNB013 | E17: 4645 | F17: ETCC-2009 | G17: 8 | H17: 320
A18: 14 | B18: HNB013 | C18: MX nhập dài SG mới | D18: 1281 | E18: 860 | F18: POSTEF 2017 | G18: 8 | H18: 430
A19: 15 | B19: MX nhập dài SG mới | C19: KDC SG mới | D19: 1570 | E19: 1816 | F19: POSTEF | G19: 24 | H19: 256
A20: 16 | B20: MX nhập dài SG mới | C20: KDC SG mới | D20: 1550 | E20: 1288 | F20: POSTEF | G20: 24 | H20: 260
A21: 17 | B21: MX nhập dài SG mới | C21: MX | G21: 12 | H21: 640
A22: 18 | B22: MX | C22: MX ngã ba NB-HTP | G22: 12 | H22: 777
A23: 19 | B23: MX ngã ba NB-HTP | C23: MX đầu hẽm 226 NB | G23: 12 | H23: 1092
A24: 20 | B24: MX đầu hẽm 226 NB | C24: MX ngã ba Phạm Thị Kỳ | G24: 12 | H24: 1408
A25: 21 | B25: MX ngã ba Phạm Thị Kỳ | C25: MX nhập đài Long Thới- NB | G25: 12 | H25: 1040
A26: 22 | B26: MX ngã ba NB-HTP | C26: HNB020 | E26: 2470 | F26: FOCAL 2020 | G26: 6 | H26: 716
A27: 23 | B27: HNB020 | C27: HNB031 | D27: 1476 | E27: 312 | F27: FOCAL 2020 | G27: 6 | H27: 1178
A28: 24 | B28: MX ngã ba NB-HTP | C28: HNB031 | E28: 883 | F28: FOCAL 2020 | G28: 6 | H28: 1618
A29: 25 | B29: MX đầu hẽm 226 NB | C29: HNB027 | F29: FOCAL 2020 | G29: 6 | H29: 190
A30: 26 | B30: HNB027 | C30: HNB024 | E30: 1482 | F30: FOCAL 2020 | G30: 6 | H30: 860
A31: 27 | B31: HNB024 | C31: HNB086 | D31: 2000 | E31: 4000 | F31: FOCAL 2020 | G31: 6 | H31: 2013
A32: 28 | B32: HNB086 | C32: MX ngã ba Phạm Thị Kỳ | D32: 4000 | F32: FOCAL 2020 | G32: 6 | H32: 1678
A33: 29 | B33: VNPT Long Thới | C33: MX nhập đài Long Thới- NB | D33: 3027 | F33: POSTEF 11/2016 | G33: 24 | H33: 345
A34: 30 | B34: VNPT Long Thới | C34: MX nhập đài Long Thới- NVT | F34: ADSS 9/2009 | G34: 24 | H34: 150
A35: 31 | B35: MX nhập đài Long Thới- NB | C35: MX ngã tư LVL-Nguyễn Bình | F35: TPKL Postef 11/2016 | G35: 24 | H35: 3236 | I35: Mx4 đầu ngbinh+lvl tpkl LT 24 póttes 11/2016 TL, 12 tpkl1 LT2 9/2019 đst 1375x. , 12 tpkl posted 7/2016 1580x, 12 acf8 sametel 2015 2855x lvl -phlau
A36: 32 | B36: MX ngã tư LVL-Nguyễn Bình | C36: MX đầu hẽm 1534 LVL | G36: 12 | H36: 667
A37: 33 | B37: MX đầu hẽm 1534 LVL | C37: MX ngã ba Phạm Hữu Lầu | D37: 7426 | F37: SAMTEL 3/2015 | G37: 12 | H37: 1161
A38: 34 | B38: MX đầu hẽm 1534 LVL | C38: HNB018 | E38: 2143 | F38: POSTEF 8/2019 | G38: 6 | H38: 150
A39: 35 | B39: MX ngã ba Phạm Hữu Lầu | C39: MX (đi LVL) | D39: 120 | E39: 978 | F39: VINA-OFC 2016 | G39: 12 | H39: 858
A40: 36 | B40: MX ngã ba Phạm Hữu Lầu | C40: MX cầu Phú Xuân | D40: 44 | F40: POSTEF 9/2019 | G40: 12 | H40: 4644
A41: 37 | B41: MX ngã ba Phạm Hữu Lầu | C41: HNB094 | D41: 1131 | E41: 984 | F41: SACOM 2014 | G41: 12 | H41: 150
A42: 38 | B42: MX (đi LVL) | C42: MX ngã ba Phạm Thị Liền | D42: 3745 | E42: 2854 | F42: SACOM 1/2015 | G42: 12 | H42: 891
A43: 39 | B43: MX ngã ba Phạm Thị Liền | C43: MX ngã ba Đào Sư Tích | D43: 4058 | F43: FOCAL 2013 | G43: 12 | H43: 534
A44: 40 | B44: MX ngã ba Phạm Thị Liền | C44: HNB055 | D44: 1068 | E44: 1666 | F44: POSTEF 6/2019 | G44: 8 | H44: 598
A45: 41 | B45: MX ngã ba Phạm Thị Liền | C45: HNB065 | D45: 394 | E45: 125 | F45: SACOM 3/2016 | G45: 8 | H45: 269
A46: 42 | B46: HNB065 | C46: HNB055 | D46: 1058 | E46: 70 | F46: POSTEF 6/2019 | G46: 8 | H46: 988
A47: 43 | B47: MX ngã ba Phạm Thị Liền | C47: HNB073 | D47: 2023 | E47: 2285 | F47: VINA 2017 | G47: 8 | H47: 262
A48: 44 | B48: HNB073 | C48: HNB071 | D48: 23 | E48: 778 | F48: POSTEF 2017 | G48: 8 | H48: 755
A49: 45 | B49: HNB071 | C49: HNB056 | D49: 3000 | E49: 1700 | F49: POSTEF 6/2019 | G49: 8 | H49: 1300
A50: 46 | B50: HNB056 | C50: MX | D50: 1430 | F50: VINA OFC | G50: 8 | H50: 420
A51: 47 | B51: MX | C51: HNB011 | E51: 2144 | F51: PRYSMIAN 2009 | G51: 8 | H51: 455
A52: 48 | B52: HNB011 | C52: MX ngã ba Đào Sư Tích | D52: 120 | F52: VINA 2018 | G52: 8 | H52: 382
A53: 49 | B53: MX ngã ba Đào Sư Tích | C53: MX_DST | E53: 1578 | F53: FOCAL 8/2020 | G53: 12 | H53: 2450
A54: 50 | B54: MX_DST | C54: MX | F54: ADSS 9/2009 | G54: 12 | H54: 1834
A55: 51 | B55: MX | C55: MX ngã tư LVL-Nguyễn Bình | F55: TPKL 9/2019 | G55: 12 | H55: 1380
A56: 52 | B56: MX nhập đài Long Thới- NVT | C56: MX chân cầu vượt NVT | E56: 2677 | F56: SACOM 8/2014 | G56: 12 | H56: 680
A57: 53 | B57: MX chân cầu vượt NVT | C57: MX ngã ba Ngô Quang Thắm | D57: 5 | F57: FOCAL 9/2020 | G57: 12 | H57: 1060 | I57: bao gồm 175m ngầm
A58: 54 | B58: MX ngã ba Ngô Quang Thắm | C58: MX đầu trạm 91A | G58: 12 | H58: 845
A59: 55 | B59: MX chân cầu vượt NVT | C59: HNB054 | D59: 1 | E59: 176 | F59: FOCAL 9/2020 | G59: 12 | H59: 150
A60: 56 | B60: MX ngã ba Ngô Quang Thắm | C60: HNB006 | G60: 12 | H60: 220
A61: 57 | B61: MX đầu trạm 91A | C61: HNB091 | E61: 741 | F61: FOCAL 2020 | G61: 6 | H61: 545
A62: 58 | B62: HNB091 | C62: MX đầu trạm 91B | D62: 4460 | F62: FOCAL 2020 | G62: 6 | H62: 550
A63: 59 | B63: MX đầu trạm 91A | C63: HNB059 | E63: 4415 | F63: FOCAL 2020 | G63: 6 | H63: 1933
A64: 60 | B64: HNB059 | C64: HNB060 | D64: 279 | E64: 1 | F64: FOCAL 2020 | G64: 6 | H64: 3086
A65: 61 | B65: HNB060 | C65: HNB048 | D65: 1 | E65: 5 | F65: FOCAL 2020 | G65: 6 | H65: 4405
A66: 62 | B66: HNB048 | C66: MX đầu trạm 91B | D66: 2445 | F66: FOCAL 2020 | G66: 6 | H66: 1680
A67: 63 | B67: MX đầu trạm 91B | C67: MX ngã ba Ngô Quang Thắm | G67: 12 | H67: 770 | I67: 7020=785+1745+3715+770
A68: 64 | B68: MX ngã ba Ngô Quang Thắm | C68: MX ngã tư LVL-Nguyễn Bình | F68: TPKL | G68: 12 | H68: 6250
A69: 65 | B69: MX ngã ba Đào Sư Tích | C69: MX | F69: FOCAL | G69: 8 | H69: 945
A70: 66 | B70: MX | C70: HNB075 | F70: focal 8fo 10/2014 | G70: 8 | H70: 920
A71: 67 | B71: HNB075 | C71: HNB014 | F71: FOCAL 2020 | G71: 6 | H71: 861
A72: 68 | B72: HNB014 | C72: MX cầu NVL 1 | F72: FOCAL | G72: 8 | H72: 1409
A73: 69 | B73: MX cầu NVL 1 | C73: MX cầu NVL 2 | F73: FOCAL | G73: 8 | H73: 606
A74: 70 | B74: MX cầu NVL 2 | C74: MX Phạm Hùng | F74: FOCAL | G74: 8 | H74: 1497
A75: 71 | B75: MX Phạm Hùng | C75: MX đầu trạm HNB012 | F75: FOCAL | G75: 8 | H75: 2093
A76: 72 | B76: MX đầu trạm HNB012 | C76: HNB012 | E76: 1893 | F76: Fiber 6/2007 | G76: 8 | H76: 300
A77: 73 | B77: MX đầu trạm HNB012 | C77: HNB113 | E77: 3476 | F77: FOCAL 2020 | G77: 6 | H77: 760
A78: 74 | B78: HNB012 | C78: MX băng sông 1 | D78: 2692 | F78: FOCAL 2020 | G78: 6 | H78: 1191
A79: 75 | B79: MX băng sông 1 | C79: MX băng sông 2 | G79: 48 | H79: 235
A80: 76 | B80: MX băng sông 2 | C80: MX_DST | G80: 4 | H80: 243
G81: Tổng (m) | H81: =SUM(H5:H80)
G82: Tổng (km) | H82: =H81/1000

Sheet Măng xông
A1: Măng xông (MX) — danh bạ
A2: Sơ đồ hàn chi tiết từng khay chưa nhập: xem sheet "Hàn nối" để điền. MX_NVT_03A/03B là hai măng xông hai bên lề (file ghi nhầm trùng tên).
A4: Tên MX | B4: Loại | C4: Vĩ độ | D4: Kinh độ | E4: Mô tả (ghi chú gốc) | F4: Bản đồ
A5: MX_LVL-02 | B5: MX phối/rẽ | C5: 10.709625 | D5: 106.7024 | E5: MX_LVL-02 : NGÃ BA LVL - TRẦN THỊ LIỀN / VỊ TRÍ : trụ điện đầu hẽm / (10.709625, 106.702398) | F5: =HYPERLINK("https://maps.google.com/?q="&C5&","&D5,"Mở bản đồ")
A6: MX_NB-02 | B6: MX phối/rẽ | C6: 10.673423 | D6: 106.73232 | E6: MX_NB-02 :NGÃ BA NGUYỄN BÌNH - PHẠM THỊ KỲ / VỊ TRÍ : trụ điện đầu đường / (10.673423, 106.732316) | F6: =HYPERLINK("https://maps.google.com/?q="&C6&","&D6,"Mở bản đồ")
A7: MX_LVL-04 | B7: MX phối/rẽ | C7: 10.686488 | D7: 106.70175 | E7: MX_LVL-04 : HẼM 1534 LÊ VĂN LƯƠNG / VỊ TRÍ : trụ điện đầu hẽm / (10.686488, 106.701749) | F7: =HYPERLINK("https://maps.google.com/?q="&C7&","&D7,"Mở bản đồ")
A8: MX_HTP-01 | B8: MX phối/rẽ | C8: 10.701961 | D8: 106.73803 | E8: MX_HTP-01 : ĐẦU CẦU PHÚ XUÂN 2 / VỊ TRÍ : trụ điện đầu hẽm / (10.701961, 106.738030) | F8: =HYPERLINK("https://maps.google.com/?q="&C8&","&D8,"Mở bản đồ")
A9: MX_NVT_02A | B9: MX phối/rẽ | C9: 10.656177 | D9: 106.7286 | E9: MX_NVT_02A :TRƯỚC CỔNG UBND / VỊ TRÍ : trụ điện đôi / (10.656177, 106.728600) | F9: =HYPERLINK("https://maps.google.com/?q="&C9&","&D9,"Mở bản đồ")
A10: MX_HTP-03A | B10: MX phối/rẽ | C10: 10.685042 | D10: 106.74485 | E10: MX_HTP-03A : VÀO TRẠM AGG-NBE22 / (KDC Sài Gòn Mới) / VỊ TRÍ : trụ trc cửa hàng vlxd / (10.685042, 106.744849) | F10: =HYPERLINK("https://maps.google.com/?q="&C10&","&D10,"Mở bản đồ")
A11: MX_NVT_01 | B11: MX phối/rẽ | C11: 10.664174 | D11: 106.72585 | E11: MX_NVT_01 :CHÂN CẦU VƯỢT VÀO TRẠM 54 / VỊ TRÍ : trụ điện đầu hẽm / (10.664174, 106.725850) | F11: =HYPERLINK("https://maps.google.com/?q="&C11&","&D11,"Mở bản đồ")
A12: MX_NVT_03A | B12: MX phối/rẽ | C12: 10.649067 | D12: 106.73073 | E12: MX_NVT_03A : TRƯỚC CỬA HÀNG QUẦN ÁO / VỊ TRÍ : trụ điện bên đường / (10.649067, 106.730726) | F12: =HYPERLINK("https://maps.google.com/?q="&C12&","&D12,"Mở bản đồ")
A13: MX_LVL-01 | B13: MX phối/rẽ | C13: 10.713601 | D13: 106.70098 | E13: MX_LVL-01 : NGÃ BA LVL - ĐÀO SƯ TÍCH / VỊ TRÍ : trụ điện đầu hẽm / (10.713601, 106.700976) | F13: =HYPERLINK("https://maps.google.com/?q="&C13&","&D13,"Mở bản đồ")
A14: MX_HTP-03B | B14: MX phối/rẽ | C14: 10.685042 | D14: 106.74485 | E14: MX_HTP-03B : VÀO TRẠM AGG-NBE22 / (KDC Sài Gòn Mới) / VỊ TRÍ : trụ trc cửa hàng vlxd / (10.685042, 106.744849) | F14: =HYPERLINK("https://maps.google.com/?q="&C14&","&D14,"Mở bản đồ")
A15: MX_NVT_03B | B15: MX phối/rẽ | C15: 10.649067 | D15: 106.73073 | E15: MX_NVT_03A : TRƯỚC CỬA HÀNG QUẦN ÁO / VỊ TRÍ : trụ điện bên đường / (10.649067, 106.730726) | F15: =HYPERLINK("https://maps.google.com/?q="&C15&","&D15,"Mở bản đồ")
A16: MX_NB-03 | B16: MX phối/rẽ | C16: 10.676082 | D16: 106.74427 | E16: MX_NB-03 :ĐẦU HẼM 226 NGUYỄN BÌNH / VỊ TRÍ : trụ điện đầu hẽm trc nhà thuốc / (10.676082, 106.744268) | F16: =HYPERLINK("https://maps.google.com/?q="&C16&","&D16,"Mở bản đồ")
... A49: Nối NQT-LVL | B49: MX thẳng | C49: 10.673387 | D49: 106.69794 | E49: Vị Trí: / Tọa độ:10.673387, 106.697939 | F49: =HYPERLINK("https://maps.google.com/?q="&C49&","&D49,"Mở bản đồ")

Sheet Hàn nối bổ sung
A1: Nhập thêm hàn nối cho măng xông chưa có nhãn (NVT_01, NB-02/03/04, HTP-03B…)
A2: Quy ước nhãn: cùng nhãn = cùng nhóm hàn; trong một nhãn sợi nhỏ hàn sợi nhỏ (A1–A1, A2–A2…). Điền vào ô vàng; ví dụ dưới là DỮ LIỆU GIẢ ĐỊNH để minh hoạ.
A4: Măng xông | B4: Cáp A | C4: Sợi A | D4: Nhãn | E4: Cáp B | F4: Sợi B | G4: Khay | H4: Ghi chú
A5: (VÍ DỤ GIẢ ĐỊNH) | B5: Cáp 12FO (A) | C5: 1 | D5: A | E5: Cáp 6FO (B) | F5: 1 | H5: minh hoạ quy ước nhãn
A6: (VÍ DỤ GIẢ ĐỊNH) | B6: Cáp 12FO (A) | C6: 2 | D6: A | E6: Cáp 6FO (B) | F6: 2 | H6: minh hoạ quy ước nhãn
A7: (VÍ DỤ GIẢ ĐỊNH) | B7: Cáp 12FO (A) | C7: 3 | D7: B | E7: Cáp 6FO (B) | F7: 3 | H7: minh hoạ quy ước nhãn
A8: (VÍ DỤ GIẢ ĐỊNH) | B8: Cáp 12FO (A) | C8: 4 | D8: B | E8: Cáp 6FO (B) | F8: 4 | H8: minh hoạ quy ước nhãn
A9: (VÍ DỤ) cảnh báo: nhãn C: chỉ có ở một đầu cáp (Cáp 12FO (A))

Sheet Tuyến lề NVT
A1: Đường đi hai lề trục Nguyễn Văn Tạo (người dùng cung cấp)
A2: Cáp trục lề trái từ NBE12 qua MX_NVT_01 → 02A → 03A là một cáp dùng chung của R2 và R1 (mỗi link 2 core riêng).
A4: Ring | B4: Thứ tự | C4: Điểm | D4: Ghi chú
A5: R2 | B5: 1 | C5: AGG-NBE12 (cáp trục lề trái)
A6: R2 | B6: 2 | C6: MX_NVT_01
A7: R2 | B7: 3 | C7: HNB054
A8: R2 | B8: 4 | C8: MX_NVT_01
A9: R2 | B9: 5 | C9: MX_NVT_02A
A10: R2 | B10: 6 | C10: HNB006
A11: R2 | B11: 7 | C11: MX_NVT_02A
A12: R2 | B12: 8 | C12: lề trái
A13: R2 | B13: 9 | C13: MX_NVT_03A
A14: R2 | B14: 10 | C14: HNB091
A15: R2 | B15: 11 | C15: MX_NVT_03B
A16: R2 | B16: 12 | C16: lề phải
... A31: R1 | B31: 12 | C31: AGG-NBE22

Sheet Đối tác dùng core trống
A1: Core trống cho đối tác (ghi chú DWDM / VNN / TTC trong ODF AGG)
A2: Chưa có số core cụ thể: điền từ ODF AGG và bảng hàn.
A3: Đối tác | B3: Vị trí/ODF | C3: Ghi chú | D3: Đoạn | E3: Số core
A4: DWDM Vinanet | B4: ODF-01 NBE22, MX_HTP-03A | C4: ngưng từ 16/05/2025
A5: TTC (gói Long An) | B5: ODF-02 NBE22 / ODF Nguyễn Bình | C5: CG23; một số cổng ghi "hủy"/"dùng đến MX NB-NVT"
A6: MTC Vinanet (VNN) | B6: ODF-01 Nguyễn Bình, phối cáp ngoài MX NB-NVT

Sheet Dữ liệu cần xác nhận
A1: Mâu thuẫn / bất thường trong các file nguồn (tự động phát hiện + ghi chú)
A3: Đối tượng | B3: Loại | C3: Nội dung | D3: Người xác nhận | E3: Kết quả
A4: R2-02 | B4: lệch core | C4: chênh 2.023 dB > 2.0 dB
A5: R2-03 | B5: chiều dài | C5: BBNT: HĐ 0.962 km vs OTDR 1.607 km (lệch 67%)
A6: R2-03 | B6: KML | C6: OTDR/KML = 2.06 (KML 0.779 km, OTDR 1.607 km)
A7: R3-02 | B7: chiều dài | C7: BBNT: HĐ 0.827 km vs OTDR 1.018 km (lệch 23%)
A8: R3-03 | B8: chiều dài | C8: BBNT: HĐ 1.799 km vs OTDR 2.218 km (lệch 23%)
A9: R4-02 | B9: chiều dài | C9: BBNT: HĐ 0.62 km vs OTDR 0.86 km (lệch 39%)
A10: R4-03 | B10: chiều dài | C10: BBNT: HĐ 0.827 km vs OTDR 1.325 km (lệch 60%)
A11: R5-03 | B11: chiều dài | C11: BBNT: HĐ 0.517 km vs OTDR 0.861 km (lệch 67%)
A12: R5-03 | B12: KML | C12: OTDR/KML = 2.08 (KML 0.414 km, OTDR 0.861 km)
A13: R7-01 | B13: KML | C13: OTDR/KML = 0.74 (KML 15.047 km, OTDR 11.101 km)
A14: R7-03 | B14: chiều dài | C14: BBNT: HĐ 0.827 km vs OTDR 1.035 km (lệch 25%)
A15: R7-05 | B15: chiều dài | C15: BBNT: HĐ 0.465 km vs OTDR 0.688 km (lệch 48%)
... A23: MX_NVT_03A | B23: tên | C23: hai măng xông cùng tên; người dùng xác nhận là 03A và 03B (hai bên lề)

Sheet Khắc phục sự cố
A1: Triệu chứng → nguyên nhân thường gặp → xử lý (tham khảo, bổ sung theo thực tế)
A3: Triệu chứng | B3: Nguyên nhân thường gặp | C3: Cách xử lý / kiểm tra | D3: Dùng sheet
A4: CSG mất link một hướng, ring vẫn chạy | B4: Đứt/hỏng một đoạn kề | C4: OTDR từ đầu trạm, đổi khoảng cách ra vị trí (MX gần nhất); báo thi công; theo dõi hướng còn lại | D4: Sự cố đứt cáp
A5: CSG mất cả hai hướng | B5: Hai đoạn cùng ring đứt cùng lúc (chung hành lang) hoặc trạm nhánh cụt | C5: Kiểm tra cặp đoạn ở sheet Sự cố; ưu tiên khôi phục đoạn có CSG cô lập | D5: Sự cố đứt cáp
A6: Suy hao một đoạn cao bất thường | B6: Uốn cong, mối hàn xấu, đầu nối bẩn | C6: OTDR hai chiều; vệ sinh đầu nối ODF; kiểm tra khay hàn MX gần nhất | D6: Đoạn & quỹ suy hao
A7: Hai core lệch suy hao > 2 dB | B7: Một core có mối hàn/đầu nối xấu | C7: So sánh OTDR từng core; ví dụ đoạn R2-02 (HNB054→HNB006) chênh 2,02 dB | D7: Đoạn & quỹ suy hao
A8: Chiều dài OTDR khác hẳn hợp đồng/KML | B8: Đổi tuyến, dự trữ lớn, hoặc số liệu ghi sai | C8: Đối chiếu KML & sổ cáp; cập nhật tuyến thực tế (HNB066, HNB005 đã đổi tuyến) | D8: Dữ liệu cần xác nhận
A9: Không tìm thấy điểm đứt theo OTDR | B9: Chỉ số mét (cs) hai đầu cáp thiếu | C9: Bổ sung chỉ số mét hai đầu từng cáp ở sheet Cáp | D9: Cáp
A10: Cổng ODF ghi "hư" | B10: Đầu nối/pigtail hỏng | C10: Chuyển sang cổng dự phòng cùng nhóm, cập nhật trạng thái | D10: ODF AGG

Sheet Vật tư
A1: Vật tư măng xông / ODF theo sổ ghi tay
A2: ODF theo dung lượng (6/12/24) và danh sách MX thiết kế / phát sinh.
A3: Loại | B3: STT | C3: Tên MX | D3: Đầu cáp | E3: Thiết kế/Phát sinh (mối hàn) | F3: Ghi chú
A4: mx_thiet_ke | B4: 1 | C4: vào trạm 91 từ Long Thới | D4: 3 | E4: 4
A5: mx_thiet_ke | B5: 2 | C5: vào trạm 91 đi NQT | D5: 3 | E5: 4
A6: mx_thiet_ke | B6: 3 | C6: bờ sông Đào Sư Tích | D6: 2 | E6: 4
A7: mx_thiet_ke | B7: 4 | C7: thẳng LVL | D7: 2 | E7: 8 | F7: hết 950m
A8: mx_thiet_ke | B8: 5 | C8: thẳng Ng V.Linh | D8: 2 | E8: 8 | F8: đầu cầu 1
A9: mx_thiet_ke | B9: 6 | C9: thẳng Ng V.Linh | D9: 2 | E9: 8 | F9: đầu cầu 2
A10: mx_thiet_ke | B10: 7 | C10: thẳng Phạm Hùng | D10: 2 | E10: 8 | F10: hết 2100
A11: mx_thiet_ke | B11: 8 | C11: phối Phạm Hùng | D11: 3 | E11: 8 | F11: phối vào HNB012
A12: mx_thiet_ke | B12: 9 | C12: bờ sông Phạm Hùng | D12: 2 | E12: 6
A13: mx_thiet_ke | B13: 10 | C13: chân cầu phú xuân | D13: 3 | E13: 12 | F13: phối vào HNB066
A14: mx_thiet_ke | B14: 11 | C14: Ngã ba HTP-PHL | D14: 2 | E14: 12 | F14: thẳng
A15: mx_thiet_ke | B15: 12 | C15: thẳng gần cầu Phước Long PHL | D15: 2 | E15: 12 | F15: hết cáp 3km
A16: mx_thiet_ke | B16: 13 | C16: ngã ba LVL- Đào Sư Tích | D16: 4 | E16: 12
A17: mx_thiet_ke | B17: 14 | C17: rẽ băng sông ĐST | D17: 3 | E17: 12
A18: mx_thiet_ke | B18: 15 | C18: đầu hẽm 1534 LVL | D18: 3 | E18: 12 | F18: phối vào HNB018
A19: mx_thiet_ke | B19: 16 | C19: nhập dài Long thới hướng NVT | D19: 2 | E19: 12
A20: mx_thiet_ke | B20: 17 | C20: ngã ba NB-Phạm Thị Kỳ | D20: 3 | E20: 12 | F20: phối vào HNB086
A21: mx_thiet_ke | B21: 18 | C21: hẽm 256 NB | D21: 3 | E21: 12 | F21: phối vào HNB027
A22: mx_thiet_ke | B22: 19 | C22: Nhập dài SG mới hướng NB | D22: 2 | E22: 12
A23: mx_thiet_ke | B23: 20 | C23: thẳng cầu vượt NVT | D23: 2 | E23: 12
A24: mx_thiet_ke | B24: 21 | C24: ngã ba NVT-NQT phía Ủy ban | D24: 4 | E24: 18 | F24: bẻ ra làm lại 6 core
A25: mx_thiet_ke | B25: 22 | C25: ngã ba NVT-NQT phía trường học | D25: 3 | E25: 18 | F25: bẻ ra làm lại 6 core
A26: mx_thiet_ke | B26: 23 | C26: ngã ba LVL- Trần Thị Liền | D26: 5 | E26: 14
A27: mx_thiet_ke | B27: 24 | C27: ngã ba HTP-NB | D27: 4 | E27: 14
A28: mx_thiet_ke | B28: 25 | C28: chân cầu vượt NVT | D28: 3 | E28: 14 | F28: phối vào HNB054
A29: mx_thiet_ke | B29: 26 | C29: Nhập dài SG mới hướng PHL | D29: 3 | E29: 18
A30: mx_thiet_ke | B30: 27 | C30: Đầu hẽm 1806 HTP | D30: 4 | E30: 18
A31: mx_thiet_ke | B31: 28 | C31: ngã 4 PHL-LVL | D31: 4 | E31: 20
A32: mx_thiet_ke | B32: 29 | C32: ngã 4 NB -LVL | D32: 4 | E32: 30
A33: mx_thiet_ke | B33: 30 | C33: nhập dài Long thới hướng NB | D33: 3 | E33: 30
A34: mx_thiet_ke | B34: 31 | C34: thẳng trạm 48-60 | D34: 2 | E34: 6 | F34: tuyến 4km
A35: mx_thiet_ke | B35: 32 | C35: thẳng trạm 60-59 | D35: 2 | E35: 6 | F35: tuyến 3km
A36: mx_thiet_ke | B36: 33 | C36: thẳng Ngô Quang Thắm | D36: 2 | E36: 12 | F36: hết 3km
A37: mx_thiet_ke | B37: 34 | C37: thẳng Ngô Quang Thắm | D37: 2 | E37: 12 | F37: nối vào ngầm
A38: mx_thiet_ke | B38: 35 | C38: nối NQT-LVL | D38: 2 | E38: 12 | F38: ngầm qua treo
A39: mx_phat_sinh | B39: 1 | C39: thẳng trạm 13-21 | D39: 2 | E39: 8 | F39: 2 đầu kéo dư về SG mới
A40: mx_phat_sinh | B40: 2 | C40: thẳng trạm 62-21 | D40: 2 | E40: 8 | F40: bên hông trường học
A41: mx_phat_sinh | B41: 3 | C41: thẳng trạm 66-16 | D41: 2 | E41: 6 | F41: đầu cầu Phú Xuân để cáp sai
A42: mx_phat_sinh | B42: 4 | C42: phủ PHL xe máng | D42: 2 | E42: 24 | F42: 2x12
A43: mx_phat_sinh | B43: 5 | C43: thẳng tiệm nhôm LVL | D43: 2 | E43: 12 | F43: nối cáp ngắn 878m
A44: mx_phat_sinh | B44: 6 | C44: thẳng trạm 11-56 | D44: 2 | E44: 6 | F44: đợi mua cáp, nối 400+480
A45: mx_phat_sinh | B45: 7 | C45: thẳng ng bình 12FO | D45: 2 | E45: 12 | F45: đoạn 12FO đi ĐST
... A47: mx_phat_sinh | B47: 9 | C47: thẳng HTP | D47: 2 | E47: 12 | F47: từ SG mới đi NB
C49: Tổng mối hàn thiết kế | E49: =SUMIF(A4:A47,"mx_thiet_ke",E4:E47)
C50: Tổng mối hàn phát sinh | E50: =SUMIF(A4:A47,"mx_phat_sinh",E4:E47)
C52: ODF theo dung lượng: 6FO × 2 (HNB018, HNB113), 12FO × 27, 24FO × 4 (AGG12, AGG22) — theo sổ ghi tay

Sheet Tra cứu
A1: Tra cứu theo trạm
A2: Chọn trạm ở ô vàng.
A4: Trạm | B4: HNB066
A6: Ring | B6: =INDEX('Nút'!C5:C36,MATCH(B4,'Nút'!A5:A36,0))
A7: Vai trò | B7: =INDEX('Nút'!D5:D36,MATCH(B4,'Nút'!A5:A36,0))
A8: Vĩ độ | B8: =INDEX('Nút'!E5:E36,MATCH(B4,'Nút'!A5:A36,0))
A9: Kinh độ | B9: =INDEX('Nút'!F5:F36,MATCH(B4,'Nút'!A5:A36,0))
A10: Đoạn đi tới trạm (từ phía NBE12) | B10: =IFERROR(INDEX('Đoạn & quỹ suy hao'!$A$5:$A$42,MATCH(B4,'Đoạn & quỹ suy hao'!$D$5:$D$42,0)),"—")
A11: ← từ | B11: =IFERROR(INDEX('Đoạn & quỹ suy hao'!$C$5:$C$42,MATCH(B4,'Đoạn & quỹ suy hao'!$D$5:$D$42,0)),"—")
A12: km tính | B12: =IFERROR(INDEX('Đoạn & quỹ suy hao'!$K$5:$K$42,MATCH(B4,'Đoạn & quỹ suy hao'!$D$5:$D$42,0)),"—")
A13: dB lớn nhất | B13: =IFERROR(INDEX('Đoạn & quỹ suy hao'!$N$5:$N$42,MATCH(B4,'Đoạn & quỹ suy hao'!$D$5:$D$42,0)),"—")
A14: trạng thái | B14: =IFERROR(INDEX('Đoạn & quỹ suy hao'!$R$5:$R$42,MATCH(B4,'Đoạn & quỹ suy hao'!$D$5:$D$42,0)),"—")
A15: Đoạn đi ra (phía NBE22) | B15: =IFERROR(INDEX('Đoạn & quỹ suy hao'!$A$5:$A$42,MATCH(B4,'Đoạn & quỹ suy hao'!$C$5:$C$42,0)),"—")
A16: → đến | B16: =IFERROR(INDEX('Đoạn & quỹ suy hao'!$D$5:$D$42,MATCH(B4,'Đoạn & quỹ suy hao'!$C$5:$C$42,0)),"—")
A17: km tính | B17: =IFERROR(INDEX('Đoạn & quỹ suy hao'!$K$5:$K$42,MATCH(B4,'Đoạn & quỹ suy hao'!$C$5:$C$42,0)),"—")
A18: dB lớn nhất | B18: =IFERROR(INDEX('Đoạn & quỹ suy hao'!$N$5:$N$42,MATCH(B4,'Đoạn & quỹ suy hao'!$C$5:$C$42,0)),"—")
A19: trạng thái | B19: =IFERROR(INDEX('Đoạn & quỹ suy hao'!$R$5:$R$42,MATCH(B4,'Đoạn & quỹ suy hao'!$C$5:$C$42,0)),"—")
A20: Số cổng ODF có ghi hướng | B20: =COUNTIFS('ODF chi tiết'!A:A,B4,'ODF chi tiết'!D:D,"<>")

Sheet Tham số
A1: Tham số quy ước (sửa ô vàng, mọi công thức tự cập nhật)
A3: Tham số | B3: Giá trị
A4: Ngưỡng suy hao đoạn < 10 km (dB) | B4: 12.1
A5: Ngưỡng suy hao đoạn 10–40 km (dB) | B5: 17
A6: Ngưỡng suy hao đoạn > 40 km (dB) | B6: 27
A7: Mốc chiều dài 1 (km) | B7: 10
A8: Mốc chiều dài 2 (km) | B8: 40
A9: Chênh suy hao tối đa giữa 2 core (dB) | B9: 2
A10: Hệ số cáp dự trữ ước tính (km thực = km KML × hệ số) | B10: 1.08
A11: Cảnh báo OTDR/KML nhỏ hơn | B11: 0.9
A12: Cảnh báo OTDR/KML lớn hơn | B12: 1.5
A13: Cảnh báo lệch OTDR so với hợp đồng (tỷ lệ) | B13: 0.2
A16: Quy ước: suy hao tính theo TỪNG đoạn giữa hai trạm liền kề (mỗi trạm có SFP thu/phát riêng), không cộng dồn cả ring. Ngưỡng ứng với SFP 10/40/80 km.
A17: Nguồn dữ liệu: file ghi tay của người dùng (BBNT, ODF, MX, độ dài cáp, KML). BBNT chỉ là con số thống nhất giữa hai bên.
